,Date,Value,Latitude,Longitude,Variable,County,Site ID
0,2020-01-01,0.4,29.529432,-98.391403,Carbon monoxide,Bexar,San Antonio Interstate 35
1,2020-01-02,0.8,29.529432,-98.391403,Carbon monoxide,Bexar,San Antonio Interstate 35
2,2020-01-03,1.0,29.529432,-98.391403,Carbon monoxide,Bexar,San Antonio Interstate 35
3,2020-01-04,0.5,29.529432,-98.391403,Carbon monoxide,Bexar,San Antonio Interstate 35
4,2020-01-05,0.6,29.529432,-98.391403,Carbon monoxide,Bexar,San Antonio Interstate 35
5,2020-01-06,0.7,29.529432,-98.391403,Carbon monoxide,Bexar,San Antonio Interstate 35
6,2020-01-07,0.5,29.529432,-98.391403,Carbon monoxide,Bexar,San Antonio Interstate 35
7,2020-01-08,0.8,29.529432,-98.391403,Carbon monoxide,Bexar,San Antonio Interstate 35
8,2020-01-09,0.2,29.529432,-98.391403,Carbon monoxide,Bexar,San Antonio Interstate 35
9,2020-01-10,0.3,29.529432,-98.391403,Carbon monoxide,Bexar,San Antonio Interstate 35
10,2020-01-11,0.4,29.529432,-98.391403,Carbon monoxide,Bexar,San Antonio Interstate 35
11,2020-01-12,0.4,29.529432,-98.391403,Carbon monoxide,Bexar,San Antonio Interstate 35
12,2020-01-13,0.5,29.529432,-98.391403,Carbon monoxide,Bexar,San Antonio Interstate 35
13,2020-01-14,0.7,29.529432,-98.391403,Carbon monoxide,Bexar,San Antonio Interstate 35
14,2020-01-15,0.6,29.529432,-98.391403,Carbon monoxide,Bexar,San Antonio Interstate 35
15,2020-01-16,0.4,29.529432,-98.391403,Carbon monoxide,Bexar,San Antonio Interstate 35
16,2020-01-17,0.4,29.529432,-98.391403,Carbon monoxide,Bexar,San Antonio Interstate 35
17,2020-01-18,0.5,29.529432,-98.391403,Carbon monoxide,Bexar,San Antonio Interstate 35
18,2020-01-19,0.3,29.529432,-98.391403,Carbon monoxide,Bexar,San Antonio Interstate 35
19,2020-01-20,0.4,29.529432,-98.391403,Carbon monoxide,Bexar,San Antonio Interstate 35
20,2020-01-21,0.3,29.529432,-98.391403,Carbon monoxide,Bexar,San Antonio Interstate 35
21,2020-01-22,0.5,29.529432,-98.391403,Carbon monoxide,Bexar,San Antonio Interstate 35
22,2020-01-23,0.5,29.529432,-98.391403,Carbon monoxide,Bexar,San Antonio Interstate 35
23,2020-01-24,0.6,29.529432,-98.391403,Carbon monoxide,Bexar,San Antonio Interstate 35
24,2020-01-25,0.4,29.529432,-98.391403,Carbon monoxide,Bexar,San Antonio Interstate 35
25,2020-01-26,0.4,29.529432,-98.391403,Carbon monoxide,Bexar,San Antonio Interstate 35
26,2020-01-27,0.6,29.529432,-98.391403,Carbon monoxide,Bexar,San Antonio Interstate 35
27,2020-01-28,0.4,29.529432,-98.391403,Carbon monoxide,Bexar,San Antonio Interstate 35
28,2020-01-29,0.4,29.529432,-98.391403,Carbon monoxide,Bexar,San Antonio Interstate 35
29,2020-01-30,0.3,29.529432,-98.391403,Carbon monoxide,Bexar,San Antonio Interstate 35
30,2020-01-31,0.6,29.529432,-98.391403,Carbon monoxide,Bexar,San Antonio Interstate 35
31,2020-02-01,0.6,29.529432,-98.391403,Carbon monoxide,Bexar,San Antonio Interstate 35
32,2020-02-02,0.8,29.529432,-98.391403,Carbon monoxide,Bexar,San Antonio Interstate 35
33,2020-02-03,0.3,29.529432,-98.391403,Carbon monoxide,Bexar,San Antonio Interstate 35
34,2020-02-04,0.4,29.529432,-98.391403,Carbon monoxide,Bexar,San Antonio Interstate 35
35,2020-02-05,0.3,29.529432,-98.391403,Carbon monoxide,Bexar,San Antonio Interstate 35
36,2020-02-06,0.6,29.529432,-98.391403,Carbon monoxide,Bexar,San Antonio Interstate 35
37,2020-02-07,0.9,29.529432,-98.391403,Carbon monoxide,Bexar,San Antonio Interstate 35
38,2020-02-08,0.4,29.529432,-98.391403,Carbon monoxide,Bexar,San Antonio Interstate 35
39,2020-02-09,0.3,29.529432,-98.391403,Carbon monoxide,Bexar,San Antonio Interstate 35
40,2020-02-10,0.4,29.529432,-98.391403,Carbon monoxide,Bexar,San Antonio Interstate 35
41,2020-02-11,0.4,29.529432,-98.391403,Carbon monoxide,Bexar,San Antonio Interstate 35
42,2020-02-12,0.6,29.529432,-98.391403,Carbon monoxide,Bexar,San Antonio Interstate 35
43,2020-02-13,0.6,29.529432,-98.391403,Carbon monoxide,Bexar,San Antonio Interstate 35
44,2020-02-14,0.3,29.529432,-98.391403,Carbon monoxide,Bexar,San Antonio Interstate 35
45,2020-02-15,0.7,29.529432,-98.391403,Carbon monoxide,Bexar,San Antonio Interstate 35
46,2020-02-16,0.9,29.529432,-98.391403,Carbon monoxide,Bexar,San Antonio Interstate 35
47,2020-02-17,0.7,29.529432,-98.391403,Carbon monoxide,Bexar,San Antonio Interstate 35
48,2020-02-18,0.4,29.529432,-98.391403,Carbon monoxide,Bexar,San Antonio Interstate 35
49,2020-02-19,0.4,29.529432,-98.391403,Carbon monoxide,Bexar,San Antonio Interstate 35
50,2020-02-20,0.3,29.529432,-98.391403,Carbon monoxide,Bexar,San Antonio Interstate 35
51,2020-02-21,0.4,29.529432,-98.391403,Carbon monoxide,Bexar,San Antonio Interstate 35
52,2020-02-22,0.3,29.529432,-98.391403,Carbon monoxide,Bexar,San Antonio Interstate 35
53,2020-02-23,0.3,29.529432,-98.391403,Carbon monoxide,Bexar,San Antonio Interstate 35
54,2020-02-24,0.6,29.529432,-98.391403,Carbon monoxide,Bexar,San Antonio Interstate 35
55,2020-02-25,0.8,29.529432,-98.391403,Carbon monoxide,Bexar,San Antonio Interstate 35
56,2020-02-26,0.4,29.529432,-98.391403,Carbon monoxide,Bexar,San Antonio Interstate 35
57,2020-02-27,0.7,29.529432,-98.391403,Carbon monoxide,Bexar,San Antonio Interstate 35
58,2020-02-28,0.6,29.529432,-98.391403,Carbon monoxide,Bexar,San Antonio Interstate 35
59,2020-02-29,0.5,29.529432,-98.391403,Carbon monoxide,Bexar,San Antonio Interstate 35
60,2020-03-01,0.3,29.529432,-98.391403,Carbon monoxide,Bexar,San Antonio Interstate 35
61,2020-03-02,0.6,29.529432,-98.391403,Carbon monoxide,Bexar,San Antonio Interstate 35
62,2020-03-03,0.6,29.529432,-98.391403,Carbon monoxide,Bexar,San Antonio Interstate 35
63,2020-03-04,0.5,29.529432,-98.391403,Carbon monoxide,Bexar,San Antonio Interstate 35
64,2020-03-05,0.6,29.529432,-98.391403,Carbon monoxide,Bexar,San Antonio Interstate 35
65,2020-03-06,0.6,29.529432,-98.391403,Carbon monoxide,Bexar,San Antonio Interstate 35
66,2020-03-07,0.4,29.529432,-98.391403,Carbon monoxide,Bexar,San Antonio Interstate 35
67,2020-03-08,0.2,29.529432,-98.391403,Carbon monoxide,Bexar,San Antonio Interstate 35
68,2020-03-09,0.3,29.529432,-98.391403,Carbon monoxide,Bexar,San Antonio Interstate 35
69,2020-03-10,0.4,29.529432,-98.391403,Carbon monoxide,Bexar,San Antonio Interstate 35
70,2020-03-11,0.4,29.529432,-98.391403,Carbon monoxide,Bexar,San Antonio Interstate 35
71,2020-03-12,0.3,29.529432,-98.391403,Carbon monoxide,Bexar,San Antonio Interstate 35
72,2020-03-13,0.3,29.529432,-98.391403,Carbon monoxide,Bexar,San Antonio Interstate 35
73,2020-03-14,0.3,29.529432,-98.391403,Carbon monoxide,Bexar,San Antonio Interstate 35
74,2020-03-15,0.4,29.529432,-98.391403,Carbon monoxide,Bexar,San Antonio Interstate 35
75,2020-03-16,0.3,29.529432,-98.391403,Carbon monoxide,Bexar,San Antonio Interstate 35
76,2020-03-17,0.3,29.529432,-98.391403,Carbon monoxide,Bexar,San Antonio Interstate 35
77,2020-03-18,0.3,29.529432,-98.391403,Carbon monoxide,Bexar,San Antonio Interstate 35
78,2020-03-19,0.3,29.529432,-98.391403,Carbon monoxide,Bexar,San Antonio Interstate 35
79,2020-03-20,0.4,29.529432,-98.391403,Carbon monoxide,Bexar,San Antonio Interstate 35
80,2020-03-21,0.4,29.529432,-98.391403,Carbon monoxide,Bexar,San Antonio Interstate 35
81,2020-03-22,0.5,29.529432,-98.391403,Carbon monoxide,Bexar,San Antonio Interstate 35
82,2020-03-23,0.5,29.529432,-98.391403,Carbon monoxide,Bexar,San Antonio Interstate 35
83,2020-03-24,0.5,29.529432,-98.391403,Carbon monoxide,Bexar,San Antonio Interstate 35
84,2020-03-25,0.5,29.529432,-98.391403,Carbon monoxide,Bexar,San Antonio Interstate 35
85,2020-03-26,0.3,29.529432,-98.391403,Carbon monoxide,Bexar,San Antonio Interstate 35
86,2020-03-27,0.3,29.529432,-98.391403,Carbon monoxide,Bexar,San Antonio Interstate 35
87,2020-03-28,0.4,29.529432,-98.391403,Carbon monoxide,Bexar,San Antonio Interstate 35
88,2020-03-29,0.4,29.529432,-98.391403,Carbon monoxide,Bexar,San Antonio Interstate 35
89,2020-03-30,0.6,29.529432,-98.391403,Carbon monoxide,Bexar,San Antonio Interstate 35
90,2020-03-31,0.6,29.529432,-98.391403,Carbon monoxide,Bexar,San Antonio Interstate 35
91,2020-04-01,0.2,29.529432,-98.391403,Carbon monoxide,Bexar,San Antonio Interstate 35
92,2020-01-01,0.5,32.820060999999995,-96.860117,Carbon monoxide,Dallas,Dallas Hinton
93,2020-01-02,0.2,32.820060999999995,-96.860117,Carbon monoxide,Dallas,Dallas Hinton
94,2020-01-03,0.3,32.820060999999995,-96.860117,Carbon monoxide,Dallas,Dallas Hinton
95,2020-01-04,0.4,32.820060999999995,-96.860117,Carbon monoxide,Dallas,Dallas Hinton
96,2020-01-05,0.4,32.820060999999995,-96.860117,Carbon monoxide,Dallas,Dallas Hinton
97,2020-01-06,0.4,32.820060999999995,-96.860117,Carbon monoxide,Dallas,Dallas Hinton
98,2020-01-07,0.4,32.820060999999995,-96.860117,Carbon monoxide,Dallas,Dallas Hinton
99,2020-01-08,0.4,32.820060999999995,-96.860117,Carbon monoxide,Dallas,Dallas Hinton
100,2020-01-09,0.2,32.820060999999995,-96.860117,Carbon monoxide,Dallas,Dallas Hinton
101,2020-01-10,0.2,32.820060999999995,-96.860117,Carbon monoxide,Dallas,Dallas Hinton
102,2020-01-11,0.3,32.820060999999995,-96.860117,Carbon monoxide,Dallas,Dallas Hinton
103,2020-01-12,0.3,32.820060999999995,-96.860117,Carbon monoxide,Dallas,Dallas Hinton
104,2020-01-13,0.2,32.820060999999995,-96.860117,Carbon monoxide,Dallas,Dallas Hinton
105,2020-01-14,0.2,32.820060999999995,-96.860117,Carbon monoxide,Dallas,Dallas Hinton
106,2020-01-15,0.2,32.820060999999995,-96.860117,Carbon monoxide,Dallas,Dallas Hinton
107,2020-01-16,0.2,32.820060999999995,-96.860117,Carbon monoxide,Dallas,Dallas Hinton
108,2020-01-17,0.2,32.820060999999995,-96.860117,Carbon monoxide,Dallas,Dallas Hinton
109,2020-01-18,0.2,32.820060999999995,-96.860117,Carbon monoxide,Dallas,Dallas Hinton
110,2020-01-19,0.4,32.820060999999995,-96.860117,Carbon monoxide,Dallas,Dallas Hinton
111,2020-01-20,0.6,32.820060999999995,-96.860117,Carbon monoxide,Dallas,Dallas Hinton
112,2020-01-21,0.7,32.820060999999995,-96.860117,Carbon monoxide,Dallas,Dallas Hinton
113,2020-01-22,0.3,32.820060999999995,-96.860117,Carbon monoxide,Dallas,Dallas Hinton
114,2020-01-23,0.4,32.820060999999995,-96.860117,Carbon monoxide,Dallas,Dallas Hinton
115,2020-01-24,0.6,32.820060999999995,-96.860117,Carbon monoxide,Dallas,Dallas Hinton
116,2020-01-25,0.6,32.820060999999995,-96.860117,Carbon monoxide,Dallas,Dallas Hinton
117,2020-01-26,0.4,32.820060999999995,-96.860117,Carbon monoxide,Dallas,Dallas Hinton
118,2020-01-27,0.5,32.820060999999995,-96.860117,Carbon monoxide,Dallas,Dallas Hinton
119,2020-01-28,0.2,32.820060999999995,-96.860117,Carbon monoxide,Dallas,Dallas Hinton
120,2020-01-29,0.2,32.820060999999995,-96.860117,Carbon monoxide,Dallas,Dallas Hinton
121,2020-01-30,0.3,32.820060999999995,-96.860117,Carbon monoxide,Dallas,Dallas Hinton
122,2020-01-31,0.3,32.820060999999995,-96.860117,Carbon monoxide,Dallas,Dallas Hinton
123,2020-02-01,0.6,32.820060999999995,-96.860117,Carbon monoxide,Dallas,Dallas Hinton
124,2020-02-02,0.6,32.820060999999995,-96.860117,Carbon monoxide,Dallas,Dallas Hinton
125,2020-02-03,0.3,32.820060999999995,-96.860117,Carbon monoxide,Dallas,Dallas Hinton
126,2020-02-04,0.3,32.820060999999995,-96.860117,Carbon monoxide,Dallas,Dallas Hinton
127,2020-02-05,0.3,32.820060999999995,-96.860117,Carbon monoxide,Dallas,Dallas Hinton
128,2020-02-06,0.5,32.820060999999995,-96.860117,Carbon monoxide,Dallas,Dallas Hinton
129,2020-02-07,0.6,32.820060999999995,-96.860117,Carbon monoxide,Dallas,Dallas Hinton
130,2020-02-08,0.8,32.820060999999995,-96.860117,Carbon monoxide,Dallas,Dallas Hinton
131,2020-02-09,0.3,32.820060999999995,-96.860117,Carbon monoxide,Dallas,Dallas Hinton
132,2020-02-10,0.2,32.820060999999995,-96.860117,Carbon monoxide,Dallas,Dallas Hinton
133,2020-02-11,0.2,32.820060999999995,-96.860117,Carbon monoxide,Dallas,Dallas Hinton
134,2020-02-12,0.3,32.820060999999995,-96.860117,Carbon monoxide,Dallas,Dallas Hinton
135,2020-02-13,0.3,32.820060999999995,-96.860117,Carbon monoxide,Dallas,Dallas Hinton
136,2020-02-14,0.4,32.820060999999995,-96.860117,Carbon monoxide,Dallas,Dallas Hinton
137,2020-02-15,0.4,32.820060999999995,-96.860117,Carbon monoxide,Dallas,Dallas Hinton
138,2020-02-16,0.3,32.820060999999995,-96.860117,Carbon monoxide,Dallas,Dallas Hinton
139,2020-02-17,0.2,32.820060999999995,-96.860117,Carbon monoxide,Dallas,Dallas Hinton
140,2020-02-18,0.2,32.820060999999995,-96.860117,Carbon monoxide,Dallas,Dallas Hinton
141,2020-02-19,0.2,32.820060999999995,-96.860117,Carbon monoxide,Dallas,Dallas Hinton
142,2020-02-20,0.2,32.820060999999995,-96.860117,Carbon monoxide,Dallas,Dallas Hinton
143,2020-02-21,0.3,32.820060999999995,-96.860117,Carbon monoxide,Dallas,Dallas Hinton
144,2020-02-22,0.4,32.820060999999995,-96.860117,Carbon monoxide,Dallas,Dallas Hinton
145,2020-02-23,0.2,32.820060999999995,-96.860117,Carbon monoxide,Dallas,Dallas Hinton
146,2020-02-24,0.2,32.820060999999995,-96.860117,Carbon monoxide,Dallas,Dallas Hinton
147,2020-02-25,0.2,32.820060999999995,-96.860117,Carbon monoxide,Dallas,Dallas Hinton
148,2020-02-26,0.1,32.820060999999995,-96.860117,Carbon monoxide,Dallas,Dallas Hinton
149,2020-02-27,0.4,32.820060999999995,-96.860117,Carbon monoxide,Dallas,Dallas Hinton
150,2020-02-28,0.7,32.820060999999995,-96.860117,Carbon monoxide,Dallas,Dallas Hinton
151,2020-02-29,0.9,32.820060999999995,-96.860117,Carbon monoxide,Dallas,Dallas Hinton
152,2020-03-01,0.2,32.820060999999995,-96.860117,Carbon monoxide,Dallas,Dallas Hinton
153,2020-03-02,0.3,32.820060999999995,-96.860117,Carbon monoxide,Dallas,Dallas Hinton
154,2020-03-03,0.4,32.820060999999995,-96.860117,Carbon monoxide,Dallas,Dallas Hinton
155,2020-03-04,0.2,32.820060999999995,-96.860117,Carbon monoxide,Dallas,Dallas Hinton
156,2020-03-05,0.3,32.820060999999995,-96.860117,Carbon monoxide,Dallas,Dallas Hinton
157,2020-03-06,0.3,32.820060999999995,-96.860117,Carbon monoxide,Dallas,Dallas Hinton
158,2020-03-07,0.5,32.820060999999995,-96.860117,Carbon monoxide,Dallas,Dallas Hinton
159,2020-03-08,0.2,32.820060999999995,-96.860117,Carbon monoxide,Dallas,Dallas Hinton
160,2020-03-09,0.1,32.820060999999995,-96.860117,Carbon monoxide,Dallas,Dallas Hinton
161,2020-03-10,0.2,32.820060999999995,-96.860117,Carbon monoxide,Dallas,Dallas Hinton
162,2020-03-11,0.2,32.820060999999995,-96.860117,Carbon monoxide,Dallas,Dallas Hinton
163,2020-03-12,0.2,32.820060999999995,-96.860117,Carbon monoxide,Dallas,Dallas Hinton
164,2020-03-13,0.2,32.820060999999995,-96.860117,Carbon monoxide,Dallas,Dallas Hinton
165,2020-03-14,0.2,32.820060999999995,-96.860117,Carbon monoxide,Dallas,Dallas Hinton
166,2020-03-15,0.2,32.820060999999995,-96.860117,Carbon monoxide,Dallas,Dallas Hinton
167,2020-03-16,0.2,32.820060999999995,-96.860117,Carbon monoxide,Dallas,Dallas Hinton
168,2020-03-17,0.3,32.820060999999995,-96.860117,Carbon monoxide,Dallas,Dallas Hinton
169,2020-03-18,0.2,32.820060999999995,-96.860117,Carbon monoxide,Dallas,Dallas Hinton
170,2020-03-19,0.2,32.820060999999995,-96.860117,Carbon monoxide,Dallas,Dallas Hinton
171,2020-03-20,0.3,32.820060999999995,-96.860117,Carbon monoxide,Dallas,Dallas Hinton
172,2020-03-21,0.2,32.820060999999995,-96.860117,Carbon monoxide,Dallas,Dallas Hinton
173,2020-03-22,0.2,32.820060999999995,-96.860117,Carbon monoxide,Dallas,Dallas Hinton
174,2020-03-23,0.3,32.820060999999995,-96.860117,Carbon monoxide,Dallas,Dallas Hinton
175,2020-03-24,0.2,32.820060999999995,-96.860117,Carbon monoxide,Dallas,Dallas Hinton
176,2020-03-25,0.5,32.820060999999995,-96.860117,Carbon monoxide,Dallas,Dallas Hinton
177,2020-03-26,0.2,32.820060999999995,-96.860117,Carbon monoxide,Dallas,Dallas Hinton
178,2020-03-27,0.2,32.820060999999995,-96.860117,Carbon monoxide,Dallas,Dallas Hinton
179,2020-03-28,0.3,32.820060999999995,-96.860117,Carbon monoxide,Dallas,Dallas Hinton
180,2020-03-29,0.4,32.820060999999995,-96.860117,Carbon monoxide,Dallas,Dallas Hinton
181,2020-03-30,0.3,32.820060999999995,-96.860117,Carbon monoxide,Dallas,Dallas Hinton
182,2020-03-31,0.2,32.820060999999995,-96.860117,Carbon monoxide,Dallas,Dallas Hinton
183,2020-04-01,0.3,32.820060999999995,-96.860117,Carbon monoxide,Dallas,Dallas Hinton
184,2020-01-01,0.3,31.768286,-106.50124299999999,Carbon monoxide,El Paso,El Paso UTEP
185,2020-01-02,0.8,31.768286,-106.50124299999999,Carbon monoxide,El Paso,El Paso UTEP
186,2020-01-03,0.8,31.768286,-106.50124299999999,Carbon monoxide,El Paso,El Paso UTEP
187,2020-01-04,0.5,31.768286,-106.50124299999999,Carbon monoxide,El Paso,El Paso UTEP
188,2020-01-05,0.8,31.768286,-106.50124299999999,Carbon monoxide,El Paso,El Paso UTEP
189,2020-01-06,0.8,31.768286,-106.50124299999999,Carbon monoxide,El Paso,El Paso UTEP
190,2020-01-07,0.7,31.768286,-106.50124299999999,Carbon monoxide,El Paso,El Paso UTEP
191,2020-01-08,0.7,31.768286,-106.50124299999999,Carbon monoxide,El Paso,El Paso UTEP
192,2020-01-09,0.3,31.768286,-106.50124299999999,Carbon monoxide,El Paso,El Paso UTEP
193,2020-01-10,0.3,31.768286,-106.50124299999999,Carbon monoxide,El Paso,El Paso UTEP
194,2020-01-11,0.6,31.768286,-106.50124299999999,Carbon monoxide,El Paso,El Paso UTEP
195,2020-01-12,0.8,31.768286,-106.50124299999999,Carbon monoxide,El Paso,El Paso UTEP
196,2020-01-13,0.9,31.768286,-106.50124299999999,Carbon monoxide,El Paso,El Paso UTEP
197,2020-01-14,0.9,31.768286,-106.50124299999999,Carbon monoxide,El Paso,El Paso UTEP
198,2020-01-15,1.2,31.768286,-106.50124299999999,Carbon monoxide,El Paso,El Paso UTEP
199,2020-01-16,0.9,31.768286,-106.50124299999999,Carbon monoxide,El Paso,El Paso UTEP
200,2020-01-17,0.5,31.768286,-106.50124299999999,Carbon monoxide,El Paso,El Paso UTEP
201,2020-01-18,0.3,31.768286,-106.50124299999999,Carbon monoxide,El Paso,El Paso UTEP
202,2020-01-19,0.3,31.768286,-106.50124299999999,Carbon monoxide,El Paso,El Paso UTEP
203,2020-01-20,0.2,31.768286,-106.50124299999999,Carbon monoxide,El Paso,El Paso UTEP
204,2020-01-21,0.5,31.768286,-106.50124299999999,Carbon monoxide,El Paso,El Paso UTEP
205,2020-01-22,0.4,31.768286,-106.50124299999999,Carbon monoxide,El Paso,El Paso UTEP
206,2020-01-23,0.5,31.768286,-106.50124299999999,Carbon monoxide,El Paso,El Paso UTEP
207,2020-01-24,0.7,31.768286,-106.50124299999999,Carbon monoxide,El Paso,El Paso UTEP
208,2020-01-25,0.8,31.768286,-106.50124299999999,Carbon monoxide,El Paso,El Paso UTEP
209,2020-01-26,0.5,31.768286,-106.50124299999999,Carbon monoxide,El Paso,El Paso UTEP
210,2020-01-27,0.3,31.768286,-106.50124299999999,Carbon monoxide,El Paso,El Paso UTEP
211,2020-01-28,0.3,31.768286,-106.50124299999999,Carbon monoxide,El Paso,El Paso UTEP
212,2020-01-29,0.4,31.768286,-106.50124299999999,Carbon monoxide,El Paso,El Paso UTEP
213,2020-01-30,0.3,31.768286,-106.50124299999999,Carbon monoxide,El Paso,El Paso UTEP
214,2020-01-31,0.3,31.768286,-106.50124299999999,Carbon monoxide,El Paso,El Paso UTEP
215,2020-02-01,0.3,31.768286,-106.50124299999999,Carbon monoxide,El Paso,El Paso UTEP
216,2020-02-02,0.6,31.768286,-106.50124299999999,Carbon monoxide,El Paso,El Paso UTEP
217,2020-02-03,0.4,31.768286,-106.50124299999999,Carbon monoxide,El Paso,El Paso UTEP
218,2020-02-04,0.2,31.768286,-106.50124299999999,Carbon monoxide,El Paso,El Paso UTEP
219,2020-02-05,0.3,31.768286,-106.50124299999999,Carbon monoxide,El Paso,El Paso UTEP
220,2020-02-06,0.2,31.768286,-106.50124299999999,Carbon monoxide,El Paso,El Paso UTEP
221,2020-02-07,0.3,31.768286,-106.50124299999999,Carbon monoxide,El Paso,El Paso UTEP
222,2020-02-08,0.6,31.768286,-106.50124299999999,Carbon monoxide,El Paso,El Paso UTEP
223,2020-02-09,0.6,31.768286,-106.50124299999999,Carbon monoxide,El Paso,El Paso UTEP
224,2020-02-10,0.5,31.768286,-106.50124299999999,Carbon monoxide,El Paso,El Paso UTEP
225,2020-02-11,0.4,31.768286,-106.50124299999999,Carbon monoxide,El Paso,El Paso UTEP
226,2020-02-12,0.7,31.768286,-106.50124299999999,Carbon monoxide,El Paso,El Paso UTEP
227,2020-02-13,1.0,31.768286,-106.50124299999999,Carbon monoxide,El Paso,El Paso UTEP
228,2020-02-14,1.3,31.768286,-106.50124299999999,Carbon monoxide,El Paso,El Paso UTEP
229,2020-02-15,0.5,31.768286,-106.50124299999999,Carbon monoxide,El Paso,El Paso UTEP
230,2020-02-16,0.4,31.768286,-106.50124299999999,Carbon monoxide,El Paso,El Paso UTEP
231,2020-02-17,0.2,31.768286,-106.50124299999999,Carbon monoxide,El Paso,El Paso UTEP
232,2020-02-18,0.4,31.768286,-106.50124299999999,Carbon monoxide,El Paso,El Paso UTEP
233,2020-02-19,0.5,31.768286,-106.50124299999999,Carbon monoxide,El Paso,El Paso UTEP
234,2020-02-20,0.6,31.768286,-106.50124299999999,Carbon monoxide,El Paso,El Paso UTEP
235,2020-02-21,0.2,31.768286,-106.50124299999999,Carbon monoxide,El Paso,El Paso UTEP
236,2020-02-22,0.5,31.768286,-106.50124299999999,Carbon monoxide,El Paso,El Paso UTEP
237,2020-02-23,0.6,31.768286,-106.50124299999999,Carbon monoxide,El Paso,El Paso UTEP
238,2020-02-24,0.2,31.768286,-106.50124299999999,Carbon monoxide,El Paso,El Paso UTEP
239,2020-02-25,0.2,31.768286,-106.50124299999999,Carbon monoxide,El Paso,El Paso UTEP
240,2020-02-26,0.5,31.768286,-106.50124299999999,Carbon monoxide,El Paso,El Paso UTEP
241,2020-02-27,0.8,31.768286,-106.50124299999999,Carbon monoxide,El Paso,El Paso UTEP
242,2020-02-28,1.0,31.768286,-106.50124299999999,Carbon monoxide,El Paso,El Paso UTEP
243,2020-02-29,1.1,31.768286,-106.50124299999999,Carbon monoxide,El Paso,El Paso UTEP
244,2020-03-01,0.9,31.768286,-106.50124299999999,Carbon monoxide,El Paso,El Paso UTEP
245,2020-03-02,1.0,31.768286,-106.50124299999999,Carbon monoxide,El Paso,El Paso UTEP
246,2020-03-03,0.8,31.768286,-106.50124299999999,Carbon monoxide,El Paso,El Paso UTEP
247,2020-01-02,0.6,31.765684999999998,-106.45522700000001,Carbon monoxide,El Paso,El Paso Chamizal
248,2020-01-03,0.6,31.765684999999998,-106.45522700000001,Carbon monoxide,El Paso,El Paso Chamizal
249,2020-01-04,1.1,31.765684999999998,-106.45522700000001,Carbon monoxide,El Paso,El Paso Chamizal
250,2020-01-05,1.7,31.765684999999998,-106.45522700000001,Carbon monoxide,El Paso,El Paso Chamizal
251,2020-01-06,2.1,31.765684999999998,-106.45522700000001,Carbon monoxide,El Paso,El Paso Chamizal
252,2020-01-07,0.6,31.765684999999998,-106.45522700000001,Carbon monoxide,El Paso,El Paso Chamizal
253,2020-01-08,0.6,31.765684999999998,-106.45522700000001,Carbon monoxide,El Paso,El Paso Chamizal
254,2020-01-09,0.5,31.765684999999998,-106.45522700000001,Carbon monoxide,El Paso,El Paso Chamizal
255,2020-01-10,0.3,31.765684999999998,-106.45522700000001,Carbon monoxide,El Paso,El Paso Chamizal
256,2020-01-11,1.2,31.765684999999998,-106.45522700000001,Carbon monoxide,El Paso,El Paso Chamizal
257,2020-01-12,1.4,31.765684999999998,-106.45522700000001,Carbon monoxide,El Paso,El Paso Chamizal
258,2020-01-13,1.5,31.765684999999998,-106.45522700000001,Carbon monoxide,El Paso,El Paso Chamizal
259,2020-01-14,1.3,31.765684999999998,-106.45522700000001,Carbon monoxide,El Paso,El Paso Chamizal
260,2020-01-15,1.6,31.765684999999998,-106.45522700000001,Carbon monoxide,El Paso,El Paso Chamizal
261,2020-01-16,1.2,31.765684999999998,-106.45522700000001,Carbon monoxide,El Paso,El Paso Chamizal
262,2020-01-17,0.7,31.765684999999998,-106.45522700000001,Carbon monoxide,El Paso,El Paso Chamizal
263,2020-01-18,0.3,31.765684999999998,-106.45522700000001,Carbon monoxide,El Paso,El Paso Chamizal
264,2020-01-19,0.4,31.765684999999998,-106.45522700000001,Carbon monoxide,El Paso,El Paso Chamizal
265,2020-01-20,0.2,31.765684999999998,-106.45522700000001,Carbon monoxide,El Paso,El Paso Chamizal
266,2020-01-21,0.6,31.765684999999998,-106.45522700000001,Carbon monoxide,El Paso,El Paso Chamizal
267,2020-01-22,0.4,31.765684999999998,-106.45522700000001,Carbon monoxide,El Paso,El Paso Chamizal
268,2020-01-23,1.0,31.765684999999998,-106.45522700000001,Carbon monoxide,El Paso,El Paso Chamizal
269,2020-01-24,1.6,31.765684999999998,-106.45522700000001,Carbon monoxide,El Paso,El Paso Chamizal
270,2020-01-25,1.7,31.765684999999998,-106.45522700000001,Carbon monoxide,El Paso,El Paso Chamizal
271,2020-01-26,0.8,31.765684999999998,-106.45522700000001,Carbon monoxide,El Paso,El Paso Chamizal
272,2020-01-27,0.5,31.765684999999998,-106.45522700000001,Carbon monoxide,El Paso,El Paso Chamizal
273,2020-01-28,0.5,31.765684999999998,-106.45522700000001,Carbon monoxide,El Paso,El Paso Chamizal
274,2020-01-29,0.6,31.765684999999998,-106.45522700000001,Carbon monoxide,El Paso,El Paso Chamizal
275,2020-01-30,0.3,31.765684999999998,-106.45522700000001,Carbon monoxide,El Paso,El Paso Chamizal
276,2020-01-31,0.6,31.765684999999998,-106.45522700000001,Carbon monoxide,El Paso,El Paso Chamizal
277,2020-02-01,0.6,31.765684999999998,-106.45522700000001,Carbon monoxide,El Paso,El Paso Chamizal
278,2020-02-02,0.8,31.765684999999998,-106.45522700000001,Carbon monoxide,El Paso,El Paso Chamizal
279,2020-02-03,0.8,31.765684999999998,-106.45522700000001,Carbon monoxide,El Paso,El Paso Chamizal
280,2020-02-04,0.2,31.765684999999998,-106.45522700000001,Carbon monoxide,El Paso,El Paso Chamizal
281,2020-02-05,0.3,31.765684999999998,-106.45522700000001,Carbon monoxide,El Paso,El Paso Chamizal
282,2020-02-06,0.3,31.765684999999998,-106.45522700000001,Carbon monoxide,El Paso,El Paso Chamizal
283,2020-02-07,0.5,31.765684999999998,-106.45522700000001,Carbon monoxide,El Paso,El Paso Chamizal
284,2020-02-08,0.8,31.765684999999998,-106.45522700000001,Carbon monoxide,El Paso,El Paso Chamizal
285,2020-02-09,0.8,31.765684999999998,-106.45522700000001,Carbon monoxide,El Paso,El Paso Chamizal
286,2020-02-10,0.8,31.765684999999998,-106.45522700000001,Carbon monoxide,El Paso,El Paso Chamizal
287,2020-02-11,0.4,31.765684999999998,-106.45522700000001,Carbon monoxide,El Paso,El Paso Chamizal
288,2020-02-12,1.3,31.765684999999998,-106.45522700000001,Carbon monoxide,El Paso,El Paso Chamizal
289,2020-02-13,1.5,31.765684999999998,-106.45522700000001,Carbon monoxide,El Paso,El Paso Chamizal
290,2020-02-14,0.8,31.765684999999998,-106.45522700000001,Carbon monoxide,El Paso,El Paso Chamizal
291,2020-02-15,1.1,31.765684999999998,-106.45522700000001,Carbon monoxide,El Paso,El Paso Chamizal
292,2020-02-16,0.3,31.765684999999998,-106.45522700000001,Carbon monoxide,El Paso,El Paso Chamizal
293,2020-02-17,0.3,31.765684999999998,-106.45522700000001,Carbon monoxide,El Paso,El Paso Chamizal
294,2020-02-18,0.4,31.765684999999998,-106.45522700000001,Carbon monoxide,El Paso,El Paso Chamizal
295,2020-02-19,0.6,31.765684999999998,-106.45522700000001,Carbon monoxide,El Paso,El Paso Chamizal
296,2020-02-20,0.8,31.765684999999998,-106.45522700000001,Carbon monoxide,El Paso,El Paso Chamizal
297,2020-02-25,0.1,31.765684999999998,-106.45522700000001,Carbon monoxide,El Paso,El Paso Chamizal
298,2020-02-27,0.5,31.765684999999998,-106.45522700000001,Carbon monoxide,El Paso,El Paso Chamizal
299,2020-02-28,0.6,31.765684999999998,-106.45522700000001,Carbon monoxide,El Paso,El Paso Chamizal
300,2020-02-29,0.7,31.765684999999998,-106.45522700000001,Carbon monoxide,El Paso,El Paso Chamizal
301,2020-03-01,0.2,31.765684999999998,-106.45522700000001,Carbon monoxide,El Paso,El Paso Chamizal
302,2020-03-02,0.4,31.765684999999998,-106.45522700000001,Carbon monoxide,El Paso,El Paso Chamizal
303,2020-03-03,0.3,31.765684999999998,-106.45522700000001,Carbon monoxide,El Paso,El Paso Chamizal
304,2020-03-04,0.3,31.765684999999998,-106.45522700000001,Carbon monoxide,El Paso,El Paso Chamizal
305,2020-03-05,0.4,31.765684999999998,-106.45522700000001,Carbon monoxide,El Paso,El Paso Chamizal
306,2020-03-06,0.3,31.765684999999998,-106.45522700000001,Carbon monoxide,El Paso,El Paso Chamizal
307,2020-03-07,0.5,31.765684999999998,-106.45522700000001,Carbon monoxide,El Paso,El Paso Chamizal
308,2020-03-08,0.4,31.765684999999998,-106.45522700000001,Carbon monoxide,El Paso,El Paso Chamizal
309,2020-03-09,0.4,31.765684999999998,-106.45522700000001,Carbon monoxide,El Paso,El Paso Chamizal
310,2020-03-10,1.2,31.765684999999998,-106.45522700000001,Carbon monoxide,El Paso,El Paso Chamizal
311,2020-03-11,0.6,31.765684999999998,-106.45522700000001,Carbon monoxide,El Paso,El Paso Chamizal
312,2020-03-12,0.3,31.765684999999998,-106.45522700000001,Carbon monoxide,El Paso,El Paso Chamizal
313,2020-03-13,0.3,31.765684999999998,-106.45522700000001,Carbon monoxide,El Paso,El Paso Chamizal
314,2020-03-14,0.4,31.765684999999998,-106.45522700000001,Carbon monoxide,El Paso,El Paso Chamizal
315,2020-03-15,1.0,31.765684999999998,-106.45522700000001,Carbon monoxide,El Paso,El Paso Chamizal
316,2020-03-16,1.1,31.765684999999998,-106.45522700000001,Carbon monoxide,El Paso,El Paso Chamizal
317,2020-03-17,0.7,31.765684999999998,-106.45522700000001,Carbon monoxide,El Paso,El Paso Chamizal
318,2020-03-18,0.5,31.765684999999998,-106.45522700000001,Carbon monoxide,El Paso,El Paso Chamizal
319,2020-03-19,0.3,31.765684999999998,-106.45522700000001,Carbon monoxide,El Paso,El Paso Chamizal
320,2020-03-20,0.6,31.765684999999998,-106.45522700000001,Carbon monoxide,El Paso,El Paso Chamizal
321,2020-03-21,0.3,31.765684999999998,-106.45522700000001,Carbon monoxide,El Paso,El Paso Chamizal
322,2020-03-22,0.5,31.765684999999998,-106.45522700000001,Carbon monoxide,El Paso,El Paso Chamizal
323,2020-03-23,0.7,31.765684999999998,-106.45522700000001,Carbon monoxide,El Paso,El Paso Chamizal
324,2020-03-24,0.2,31.765684999999998,-106.45522700000001,Carbon monoxide,El Paso,El Paso Chamizal
325,2020-03-25,0.3,31.765684999999998,-106.45522700000001,Carbon monoxide,El Paso,El Paso Chamizal
326,2020-03-26,0.5,31.765684999999998,-106.45522700000001,Carbon monoxide,El Paso,El Paso Chamizal
327,2020-03-27,0.2,31.765684999999998,-106.45522700000001,Carbon monoxide,El Paso,El Paso Chamizal
328,2020-03-28,0.4,31.765684999999998,-106.45522700000001,Carbon monoxide,El Paso,El Paso Chamizal
329,2020-03-29,0.5,31.765684999999998,-106.45522700000001,Carbon monoxide,El Paso,El Paso Chamizal
330,2020-03-30,0.5,31.765684999999998,-106.45522700000001,Carbon monoxide,El Paso,El Paso Chamizal
331,2020-03-31,0.5,31.765684999999998,-106.45522700000001,Carbon monoxide,El Paso,El Paso Chamizal
332,2020-04-01,0.4,31.765684999999998,-106.45522700000001,Carbon monoxide,El Paso,El Paso Chamizal
333,2020-01-01,0.4,31.862470000000002,-106.5473,Carbon monoxide,El Paso,Ojo De Agua
334,2020-01-02,0.4,31.862470000000002,-106.5473,Carbon monoxide,El Paso,Ojo De Agua
335,2020-01-03,0.4,31.862470000000002,-106.5473,Carbon monoxide,El Paso,Ojo De Agua
336,2020-01-04,0.4,31.862470000000002,-106.5473,Carbon monoxide,El Paso,Ojo De Agua
337,2020-01-05,0.4,31.862470000000002,-106.5473,Carbon monoxide,El Paso,Ojo De Agua
338,2020-01-06,0.4,31.862470000000002,-106.5473,Carbon monoxide,El Paso,Ojo De Agua
339,2020-01-07,0.5,31.862470000000002,-106.5473,Carbon monoxide,El Paso,Ojo De Agua
340,2020-01-08,0.6,31.862470000000002,-106.5473,Carbon monoxide,El Paso,Ojo De Agua
341,2020-01-09,0.3,31.862470000000002,-106.5473,Carbon monoxide,El Paso,Ojo De Agua
342,2020-01-10,0.2,31.862470000000002,-106.5473,Carbon monoxide,El Paso,Ojo De Agua
343,2020-01-11,0.3,31.862470000000002,-106.5473,Carbon monoxide,El Paso,Ojo De Agua
344,2020-01-12,0.3,31.862470000000002,-106.5473,Carbon monoxide,El Paso,Ojo De Agua
345,2020-01-13,0.3,31.862470000000002,-106.5473,Carbon monoxide,El Paso,Ojo De Agua
346,2020-01-14,0.3,31.862470000000002,-106.5473,Carbon monoxide,El Paso,Ojo De Agua
347,2020-01-15,0.7,31.862470000000002,-106.5473,Carbon monoxide,El Paso,Ojo De Agua
348,2020-01-16,0.5,31.862470000000002,-106.5473,Carbon monoxide,El Paso,Ojo De Agua
349,2020-01-17,0.3,31.862470000000002,-106.5473,Carbon monoxide,El Paso,Ojo De Agua
350,2020-01-18,0.3,31.862470000000002,-106.5473,Carbon monoxide,El Paso,Ojo De Agua
351,2020-01-19,0.4,31.862470000000002,-106.5473,Carbon monoxide,El Paso,Ojo De Agua
352,2020-01-20,0.2,31.862470000000002,-106.5473,Carbon monoxide,El Paso,Ojo De Agua
353,2020-01-21,0.3,31.862470000000002,-106.5473,Carbon monoxide,El Paso,Ojo De Agua
354,2020-01-22,0.3,31.862470000000002,-106.5473,Carbon monoxide,El Paso,Ojo De Agua
355,2020-01-23,0.3,31.862470000000002,-106.5473,Carbon monoxide,El Paso,Ojo De Agua
356,2020-01-24,0.5,31.862470000000002,-106.5473,Carbon monoxide,El Paso,Ojo De Agua
357,2020-01-25,0.3,31.862470000000002,-106.5473,Carbon monoxide,El Paso,Ojo De Agua
358,2020-01-26,0.3,31.862470000000002,-106.5473,Carbon monoxide,El Paso,Ojo De Agua
359,2020-01-27,0.2,31.862470000000002,-106.5473,Carbon monoxide,El Paso,Ojo De Agua
360,2020-01-28,0.2,31.862470000000002,-106.5473,Carbon monoxide,El Paso,Ojo De Agua
361,2020-01-29,0.3,31.862470000000002,-106.5473,Carbon monoxide,El Paso,Ojo De Agua
362,2020-01-30,0.3,31.862470000000002,-106.5473,Carbon monoxide,El Paso,Ojo De Agua
363,2020-01-31,0.3,31.862470000000002,-106.5473,Carbon monoxide,El Paso,Ojo De Agua
364,2020-02-01,0.3,31.862470000000002,-106.5473,Carbon monoxide,El Paso,Ojo De Agua
365,2020-02-02,0.5,31.862470000000002,-106.5473,Carbon monoxide,El Paso,Ojo De Agua
366,2020-02-03,0.3,31.862470000000002,-106.5473,Carbon monoxide,El Paso,Ojo De Agua
367,2020-02-04,0.2,31.862470000000002,-106.5473,Carbon monoxide,El Paso,Ojo De Agua
368,2020-02-05,0.2,31.862470000000002,-106.5473,Carbon monoxide,El Paso,Ojo De Agua
369,2020-02-06,0.2,31.862470000000002,-106.5473,Carbon monoxide,El Paso,Ojo De Agua
370,2020-02-07,0.2,31.862470000000002,-106.5473,Carbon monoxide,El Paso,Ojo De Agua
371,2020-02-08,0.2,31.862470000000002,-106.5473,Carbon monoxide,El Paso,Ojo De Agua
372,2020-02-09,0.2,31.862470000000002,-106.5473,Carbon monoxide,El Paso,Ojo De Agua
373,2020-02-10,0.2,31.862470000000002,-106.5473,Carbon monoxide,El Paso,Ojo De Agua
374,2020-02-11,0.2,31.862470000000002,-106.5473,Carbon monoxide,El Paso,Ojo De Agua
375,2020-02-12,0.2,31.862470000000002,-106.5473,Carbon monoxide,El Paso,Ojo De Agua
376,2020-02-13,0.4,31.862470000000002,-106.5473,Carbon monoxide,El Paso,Ojo De Agua
377,2020-02-14,0.5,31.862470000000002,-106.5473,Carbon monoxide,El Paso,Ojo De Agua
378,2020-02-15,0.3,31.862470000000002,-106.5473,Carbon monoxide,El Paso,Ojo De Agua
379,2020-02-16,0.2,31.862470000000002,-106.5473,Carbon monoxide,El Paso,Ojo De Agua
380,2020-02-17,0.2,31.862470000000002,-106.5473,Carbon monoxide,El Paso,Ojo De Agua
381,2020-02-18,0.2,31.862470000000002,-106.5473,Carbon monoxide,El Paso,Ojo De Agua
382,2020-02-19,0.3,31.862470000000002,-106.5473,Carbon monoxide,El Paso,Ojo De Agua
383,2020-02-20,0.3,31.862470000000002,-106.5473,Carbon monoxide,El Paso,Ojo De Agua
384,2020-02-21,0.2,31.862470000000002,-106.5473,Carbon monoxide,El Paso,Ojo De Agua
385,2020-02-22,0.3,31.862470000000002,-106.5473,Carbon monoxide,El Paso,Ojo De Agua
386,2020-02-23,0.3,31.862470000000002,-106.5473,Carbon monoxide,El Paso,Ojo De Agua
387,2020-02-24,0.2,31.862470000000002,-106.5473,Carbon monoxide,El Paso,Ojo De Agua
388,2020-02-25,0.2,31.862470000000002,-106.5473,Carbon monoxide,El Paso,Ojo De Agua
389,2020-02-26,0.3,31.862470000000002,-106.5473,Carbon monoxide,El Paso,Ojo De Agua
390,2020-02-27,0.4,31.862470000000002,-106.5473,Carbon monoxide,El Paso,Ojo De Agua
391,2020-02-28,0.4,31.862470000000002,-106.5473,Carbon monoxide,El Paso,Ojo De Agua
392,2020-02-29,0.5,31.862470000000002,-106.5473,Carbon monoxide,El Paso,Ojo De Agua
393,2020-03-01,0.3,31.862470000000002,-106.5473,Carbon monoxide,El Paso,Ojo De Agua
394,2020-03-02,0.2,31.862470000000002,-106.5473,Carbon monoxide,El Paso,Ojo De Agua
395,2020-03-03,0.1,31.862470000000002,-106.5473,Carbon monoxide,El Paso,Ojo De Agua
396,2020-03-04,0.1,31.862470000000002,-106.5473,Carbon monoxide,El Paso,Ojo De Agua
397,2020-03-05,0.3,31.862470000000002,-106.5473,Carbon monoxide,El Paso,Ojo De Agua
398,2020-03-06,0.1,31.862470000000002,-106.5473,Carbon monoxide,El Paso,Ojo De Agua
399,2020-03-07,0.2,31.862470000000002,-106.5473,Carbon monoxide,El Paso,Ojo De Agua
400,2020-03-08,0.2,31.862470000000002,-106.5473,Carbon monoxide,El Paso,Ojo De Agua
401,2020-03-09,0.2,31.862470000000002,-106.5473,Carbon monoxide,El Paso,Ojo De Agua
402,2020-03-10,0.2,31.862470000000002,-106.5473,Carbon monoxide,El Paso,Ojo De Agua
403,2020-03-11,0.2,31.862470000000002,-106.5473,Carbon monoxide,El Paso,Ojo De Agua
404,2020-03-12,0.2,31.862470000000002,-106.5473,Carbon monoxide,El Paso,Ojo De Agua
405,2020-03-13,0.2,31.862470000000002,-106.5473,Carbon monoxide,El Paso,Ojo De Agua
406,2020-03-14,0.2,31.862470000000002,-106.5473,Carbon monoxide,El Paso,Ojo De Agua
407,2020-03-15,0.3,31.862470000000002,-106.5473,Carbon monoxide,El Paso,Ojo De Agua
408,2020-03-16,0.2,31.862470000000002,-106.5473,Carbon monoxide,El Paso,Ojo De Agua
409,2020-03-17,0.2,31.862470000000002,-106.5473,Carbon monoxide,El Paso,Ojo De Agua
410,2020-03-18,0.2,31.862470000000002,-106.5473,Carbon monoxide,El Paso,Ojo De Agua
411,2020-03-19,0.1,31.862470000000002,-106.5473,Carbon monoxide,El Paso,Ojo De Agua
412,2020-03-20,0.2,31.862470000000002,-106.5473,Carbon monoxide,El Paso,Ojo De Agua
413,2020-03-21,0.2,31.862470000000002,-106.5473,Carbon monoxide,El Paso,Ojo De Agua
414,2020-03-22,0.2,31.862470000000002,-106.5473,Carbon monoxide,El Paso,Ojo De Agua
415,2020-03-23,0.2,31.862470000000002,-106.5473,Carbon monoxide,El Paso,Ojo De Agua
416,2020-03-24,0.1,31.862470000000002,-106.5473,Carbon monoxide,El Paso,Ojo De Agua
417,2020-03-25,0.3,31.862470000000002,-106.5473,Carbon monoxide,El Paso,Ojo De Agua
418,2020-03-26,0.2,31.862470000000002,-106.5473,Carbon monoxide,El Paso,Ojo De Agua
419,2020-03-27,0.2,31.862470000000002,-106.5473,Carbon monoxide,El Paso,Ojo De Agua
420,2020-03-28,0.3,31.862470000000002,-106.5473,Carbon monoxide,El Paso,Ojo De Agua
421,2020-03-29,0.3,31.862470000000002,-106.5473,Carbon monoxide,El Paso,Ojo De Agua
422,2020-03-30,0.3,31.862470000000002,-106.5473,Carbon monoxide,El Paso,Ojo De Agua
423,2020-03-31,0.3,31.862470000000002,-106.5473,Carbon monoxide,El Paso,Ojo De Agua
424,2020-04-01,0.3,31.862470000000002,-106.5473,Carbon monoxide,El Paso,Ojo De Agua
425,2020-01-01,0.6,29.733726,-95.257593,Carbon monoxide,Harris,Clinton
426,2020-01-02,0.3,29.733726,-95.257593,Carbon monoxide,Harris,Clinton
427,2020-01-03,0.4,29.733726,-95.257593,Carbon monoxide,Harris,Clinton
428,2020-01-04,0.5,29.733726,-95.257593,Carbon monoxide,Harris,Clinton
429,2020-01-05,0.5,29.733726,-95.257593,Carbon monoxide,Harris,Clinton
430,2020-01-06,0.5,29.733726,-95.257593,Carbon monoxide,Harris,Clinton
431,2020-01-07,0.6,29.733726,-95.257593,Carbon monoxide,Harris,Clinton
432,2020-01-08,1.0,29.733726,-95.257593,Carbon monoxide,Harris,Clinton
433,2020-01-09,0.2,29.733726,-95.257593,Carbon monoxide,Harris,Clinton
434,2020-01-10,0.2,29.733726,-95.257593,Carbon monoxide,Harris,Clinton
435,2020-01-11,0.2,29.733726,-95.257593,Carbon monoxide,Harris,Clinton
436,2020-01-12,0.3,29.733726,-95.257593,Carbon monoxide,Harris,Clinton
437,2020-01-13,0.3,29.733726,-95.257593,Carbon monoxide,Harris,Clinton
438,2020-01-14,0.2,29.733726,-95.257593,Carbon monoxide,Harris,Clinton
439,2020-01-15,0.2,29.733726,-95.257593,Carbon monoxide,Harris,Clinton
440,2020-01-16,0.2,29.733726,-95.257593,Carbon monoxide,Harris,Clinton
441,2020-01-17,0.2,29.733726,-95.257593,Carbon monoxide,Harris,Clinton
442,2020-01-18,0.3,29.733726,-95.257593,Carbon monoxide,Harris,Clinton
443,2020-01-19,0.3,29.733726,-95.257593,Carbon monoxide,Harris,Clinton
444,2020-01-20,0.3,29.733726,-95.257593,Carbon monoxide,Harris,Clinton
445,2020-01-21,0.4,29.733726,-95.257593,Carbon monoxide,Harris,Clinton
446,2020-01-22,0.2,29.733726,-95.257593,Carbon monoxide,Harris,Clinton
447,2020-01-23,0.3,29.733726,-95.257593,Carbon monoxide,Harris,Clinton
448,2020-01-24,0.6,29.733726,-95.257593,Carbon monoxide,Harris,Clinton
449,2020-01-25,0.5,29.733726,-95.257593,Carbon monoxide,Harris,Clinton
450,2020-01-26,0.3,29.733726,-95.257593,Carbon monoxide,Harris,Clinton
451,2020-01-27,0.3,29.733726,-95.257593,Carbon monoxide,Harris,Clinton
452,2020-01-28,0.3,29.733726,-95.257593,Carbon monoxide,Harris,Clinton
453,2020-01-29,0.3,29.733726,-95.257593,Carbon monoxide,Harris,Clinton
454,2020-01-30,0.2,29.733726,-95.257593,Carbon monoxide,Harris,Clinton
455,2020-01-31,0.5,29.733726,-95.257593,Carbon monoxide,Harris,Clinton
456,2020-02-01,0.9,29.733726,-95.257593,Carbon monoxide,Harris,Clinton
457,2020-02-02,0.4,29.733726,-95.257593,Carbon monoxide,Harris,Clinton
458,2020-02-03,0.2,29.733726,-95.257593,Carbon monoxide,Harris,Clinton
459,2020-02-04,0.2,29.733726,-95.257593,Carbon monoxide,Harris,Clinton
460,2020-02-05,0.2,29.733726,-95.257593,Carbon monoxide,Harris,Clinton
461,2020-02-06,0.3,29.733726,-95.257593,Carbon monoxide,Harris,Clinton
462,2020-02-07,0.4,29.733726,-95.257593,Carbon monoxide,Harris,Clinton
463,2020-02-08,0.4,29.733726,-95.257593,Carbon monoxide,Harris,Clinton
464,2020-02-09,0.2,29.733726,-95.257593,Carbon monoxide,Harris,Clinton
465,2020-02-10,0.2,29.733726,-95.257593,Carbon monoxide,Harris,Clinton
466,2020-02-11,0.2,29.733726,-95.257593,Carbon monoxide,Harris,Clinton
467,2020-02-12,0.3,29.733726,-95.257593,Carbon monoxide,Harris,Clinton
468,2020-02-13,0.3,29.733726,-95.257593,Carbon monoxide,Harris,Clinton
469,2020-02-14,0.3,29.733726,-95.257593,Carbon monoxide,Harris,Clinton
470,2020-02-15,0.4,29.733726,-95.257593,Carbon monoxide,Harris,Clinton
471,2020-02-16,0.2,29.733726,-95.257593,Carbon monoxide,Harris,Clinton
472,2020-02-17,0.2,29.733726,-95.257593,Carbon monoxide,Harris,Clinton
473,2020-02-18,0.3,29.733726,-95.257593,Carbon monoxide,Harris,Clinton
474,2020-02-19,0.3,29.733726,-95.257593,Carbon monoxide,Harris,Clinton
475,2020-02-20,0.2,29.733726,-95.257593,Carbon monoxide,Harris,Clinton
476,2020-02-21,0.3,29.733726,-95.257593,Carbon monoxide,Harris,Clinton
477,2020-02-22,0.3,29.733726,-95.257593,Carbon monoxide,Harris,Clinton
478,2020-02-23,0.3,29.733726,-95.257593,Carbon monoxide,Harris,Clinton
479,2020-02-24,0.5,29.733726,-95.257593,Carbon monoxide,Harris,Clinton
480,2020-02-25,0.6,29.733726,-95.257593,Carbon monoxide,Harris,Clinton
481,2020-02-26,0.2,29.733726,-95.257593,Carbon monoxide,Harris,Clinton
482,2020-02-27,0.4,29.733726,-95.257593,Carbon monoxide,Harris,Clinton
483,2020-02-28,0.6,29.733726,-95.257593,Carbon monoxide,Harris,Clinton
484,2020-02-29,0.6,29.733726,-95.257593,Carbon monoxide,Harris,Clinton
485,2020-03-01,0.2,29.733726,-95.257593,Carbon monoxide,Harris,Clinton
486,2020-03-02,0.2,29.733726,-95.257593,Carbon monoxide,Harris,Clinton
487,2020-03-03,0.3,29.733726,-95.257593,Carbon monoxide,Harris,Clinton
488,2020-03-04,0.2,29.733726,-95.257593,Carbon monoxide,Harris,Clinton
489,2020-03-05,0.4,29.733726,-95.257593,Carbon monoxide,Harris,Clinton
490,2020-03-06,0.5,29.733726,-95.257593,Carbon monoxide,Harris,Clinton
491,2020-03-07,0.6,29.733726,-95.257593,Carbon monoxide,Harris,Clinton
492,2020-03-08,0.1,29.733726,-95.257593,Carbon monoxide,Harris,Clinton
493,2020-03-09,0.2,29.733726,-95.257593,Carbon monoxide,Harris,Clinton
494,2020-03-10,0.3,29.733726,-95.257593,Carbon monoxide,Harris,Clinton
495,2020-03-11,0.2,29.733726,-95.257593,Carbon monoxide,Harris,Clinton
496,2020-03-12,0.2,29.733726,-95.257593,Carbon monoxide,Harris,Clinton
497,2020-03-13,0.1,29.733726,-95.257593,Carbon monoxide,Harris,Clinton
498,2020-03-14,0.1,29.733726,-95.257593,Carbon monoxide,Harris,Clinton
499,2020-03-15,0.2,29.733726,-95.257593,Carbon monoxide,Harris,Clinton
500,2020-03-16,0.3,29.733726,-95.257593,Carbon monoxide,Harris,Clinton
501,2020-03-17,0.1,29.733726,-95.257593,Carbon monoxide,Harris,Clinton
502,2020-03-18,0.2,29.733726,-95.257593,Carbon monoxide,Harris,Clinton
503,2020-03-19,0.2,29.733726,-95.257593,Carbon monoxide,Harris,Clinton
504,2020-03-20,0.2,29.733726,-95.257593,Carbon monoxide,Harris,Clinton
505,2020-03-21,0.3,29.733726,-95.257593,Carbon monoxide,Harris,Clinton
506,2020-03-22,0.2,29.733726,-95.257593,Carbon monoxide,Harris,Clinton
507,2020-03-23,0.2,29.733726,-95.257593,Carbon monoxide,Harris,Clinton
508,2020-03-24,0.2,29.733726,-95.257593,Carbon monoxide,Harris,Clinton
509,2020-03-25,0.2,29.733726,-95.257593,Carbon monoxide,Harris,Clinton
510,2020-03-26,0.2,29.733726,-95.257593,Carbon monoxide,Harris,Clinton
511,2020-03-27,0.2,29.733726,-95.257593,Carbon monoxide,Harris,Clinton
512,2020-03-28,0.3,29.733726,-95.257593,Carbon monoxide,Harris,Clinton
513,2020-03-29,0.3,29.733726,-95.257593,Carbon monoxide,Harris,Clinton
514,2020-03-30,0.2,29.733726,-95.257593,Carbon monoxide,Harris,Clinton
515,2020-03-31,0.2,29.733726,-95.257593,Carbon monoxide,Harris,Clinton
516,2020-04-01,0.2,29.733726,-95.257593,Carbon monoxide,Harris,Clinton
517,2020-01-01,0.5,29.670025,-95.128508,Carbon monoxide,Harris,Houston Deer Park #2
518,2020-01-02,0.3,29.670025,-95.128508,Carbon monoxide,Harris,Houston Deer Park #2
519,2020-01-03,0.3,29.670025,-95.128508,Carbon monoxide,Harris,Houston Deer Park #2
520,2020-01-04,0.3,29.670025,-95.128508,Carbon monoxide,Harris,Houston Deer Park #2
521,2020-01-05,0.3,29.670025,-95.128508,Carbon monoxide,Harris,Houston Deer Park #2
522,2020-01-06,0.4,29.670025,-95.128508,Carbon monoxide,Harris,Houston Deer Park #2
523,2020-01-07,0.5,29.670025,-95.128508,Carbon monoxide,Harris,Houston Deer Park #2
524,2020-01-08,1.0,29.670025,-95.128508,Carbon monoxide,Harris,Houston Deer Park #2
525,2020-01-09,0.1,29.670025,-95.128508,Carbon monoxide,Harris,Houston Deer Park #2
526,2020-01-10,0.1,29.670025,-95.128508,Carbon monoxide,Harris,Houston Deer Park #2
527,2020-01-11,0.2,29.670025,-95.128508,Carbon monoxide,Harris,Houston Deer Park #2
528,2020-01-12,0.2,29.670025,-95.128508,Carbon monoxide,Harris,Houston Deer Park #2
529,2020-01-13,0.2,29.670025,-95.128508,Carbon monoxide,Harris,Houston Deer Park #2
530,2020-01-14,0.2,29.670025,-95.128508,Carbon monoxide,Harris,Houston Deer Park #2
531,2020-01-15,0.2,29.670025,-95.128508,Carbon monoxide,Harris,Houston Deer Park #2
532,2020-01-16,0.2,29.670025,-95.128508,Carbon monoxide,Harris,Houston Deer Park #2
533,2020-01-17,0.2,29.670025,-95.128508,Carbon monoxide,Harris,Houston Deer Park #2
534,2020-01-18,0.2,29.670025,-95.128508,Carbon monoxide,Harris,Houston Deer Park #2
535,2020-01-19,0.2,29.670025,-95.128508,Carbon monoxide,Harris,Houston Deer Park #2
536,2020-01-20,0.2,29.670025,-95.128508,Carbon monoxide,Harris,Houston Deer Park #2
537,2020-01-21,0.3,29.670025,-95.128508,Carbon monoxide,Harris,Houston Deer Park #2
538,2020-01-22,0.2,29.670025,-95.128508,Carbon monoxide,Harris,Houston Deer Park #2
539,2020-01-23,0.2,29.670025,-95.128508,Carbon monoxide,Harris,Houston Deer Park #2
540,2020-01-24,0.4,29.670025,-95.128508,Carbon monoxide,Harris,Houston Deer Park #2
541,2020-01-25,0.4,29.670025,-95.128508,Carbon monoxide,Harris,Houston Deer Park #2
542,2020-01-26,0.2,29.670025,-95.128508,Carbon monoxide,Harris,Houston Deer Park #2
543,2020-01-27,0.2,29.670025,-95.128508,Carbon monoxide,Harris,Houston Deer Park #2
544,2020-01-28,0.3,29.670025,-95.128508,Carbon monoxide,Harris,Houston Deer Park #2
545,2020-01-29,0.3,29.670025,-95.128508,Carbon monoxide,Harris,Houston Deer Park #2
546,2020-01-30,0.2,29.670025,-95.128508,Carbon monoxide,Harris,Houston Deer Park #2
547,2020-01-31,0.3,29.670025,-95.128508,Carbon monoxide,Harris,Houston Deer Park #2
548,2020-02-01,0.7,29.670025,-95.128508,Carbon monoxide,Harris,Houston Deer Park #2
549,2020-02-02,0.4,29.670025,-95.128508,Carbon monoxide,Harris,Houston Deer Park #2
550,2020-02-03,0.2,29.670025,-95.128508,Carbon monoxide,Harris,Houston Deer Park #2
551,2020-02-04,0.2,29.670025,-95.128508,Carbon monoxide,Harris,Houston Deer Park #2
552,2020-02-05,0.2,29.670025,-95.128508,Carbon monoxide,Harris,Houston Deer Park #2
553,2020-02-06,0.3,29.670025,-95.128508,Carbon monoxide,Harris,Houston Deer Park #2
554,2020-02-07,0.4,29.670025,-95.128508,Carbon monoxide,Harris,Houston Deer Park #2
555,2020-02-08,0.4,29.670025,-95.128508,Carbon monoxide,Harris,Houston Deer Park #2
556,2020-02-09,0.2,29.670025,-95.128508,Carbon monoxide,Harris,Houston Deer Park #2
557,2020-02-10,0.2,29.670025,-95.128508,Carbon monoxide,Harris,Houston Deer Park #2
558,2020-02-11,0.3,29.670025,-95.128508,Carbon monoxide,Harris,Houston Deer Park #2
559,2020-02-12,0.3,29.670025,-95.128508,Carbon monoxide,Harris,Houston Deer Park #2
560,2020-02-13,0.2,29.670025,-95.128508,Carbon monoxide,Harris,Houston Deer Park #2
561,2020-02-14,0.3,29.670025,-95.128508,Carbon monoxide,Harris,Houston Deer Park #2
562,2020-02-15,0.3,29.670025,-95.128508,Carbon monoxide,Harris,Houston Deer Park #2
563,2020-02-16,0.2,29.670025,-95.128508,Carbon monoxide,Harris,Houston Deer Park #2
564,2020-02-17,0.2,29.670025,-95.128508,Carbon monoxide,Harris,Houston Deer Park #2
565,2020-02-18,0.2,29.670025,-95.128508,Carbon monoxide,Harris,Houston Deer Park #2
566,2020-02-19,0.2,29.670025,-95.128508,Carbon monoxide,Harris,Houston Deer Park #2
567,2020-02-20,0.2,29.670025,-95.128508,Carbon monoxide,Harris,Houston Deer Park #2
568,2020-02-21,0.2,29.670025,-95.128508,Carbon monoxide,Harris,Houston Deer Park #2
569,2020-02-22,0.2,29.670025,-95.128508,Carbon monoxide,Harris,Houston Deer Park #2
570,2020-02-23,0.2,29.670025,-95.128508,Carbon monoxide,Harris,Houston Deer Park #2
571,2020-02-24,0.5,29.670025,-95.128508,Carbon monoxide,Harris,Houston Deer Park #2
572,2020-02-25,0.5,29.670025,-95.128508,Carbon monoxide,Harris,Houston Deer Park #2
573,2020-02-26,0.2,29.670025,-95.128508,Carbon monoxide,Harris,Houston Deer Park #2
574,2020-02-27,0.4,29.670025,-95.128508,Carbon monoxide,Harris,Houston Deer Park #2
575,2020-02-28,0.6,29.670025,-95.128508,Carbon monoxide,Harris,Houston Deer Park #2
576,2020-02-29,0.6,29.670025,-95.128508,Carbon monoxide,Harris,Houston Deer Park #2
577,2020-03-01,0.2,29.670025,-95.128508,Carbon monoxide,Harris,Houston Deer Park #2
578,2020-03-02,0.2,29.670025,-95.128508,Carbon monoxide,Harris,Houston Deer Park #2
579,2020-03-03,0.3,29.670025,-95.128508,Carbon monoxide,Harris,Houston Deer Park #2
580,2020-03-04,0.2,29.670025,-95.128508,Carbon monoxide,Harris,Houston Deer Park #2
581,2020-03-05,0.2,29.670025,-95.128508,Carbon monoxide,Harris,Houston Deer Park #2
582,2020-03-06,0.4,29.670025,-95.128508,Carbon monoxide,Harris,Houston Deer Park #2
583,2020-03-07,0.4,29.670025,-95.128508,Carbon monoxide,Harris,Houston Deer Park #2
584,2020-03-08,0.2,29.670025,-95.128508,Carbon monoxide,Harris,Houston Deer Park #2
585,2020-03-09,0.2,29.670025,-95.128508,Carbon monoxide,Harris,Houston Deer Park #2
586,2020-03-10,0.3,29.670025,-95.128508,Carbon monoxide,Harris,Houston Deer Park #2
587,2020-03-11,0.2,29.670025,-95.128508,Carbon monoxide,Harris,Houston Deer Park #2
588,2020-03-12,0.2,29.670025,-95.128508,Carbon monoxide,Harris,Houston Deer Park #2
589,2020-03-13,0.2,29.670025,-95.128508,Carbon monoxide,Harris,Houston Deer Park #2
590,2020-03-14,0.2,29.670025,-95.128508,Carbon monoxide,Harris,Houston Deer Park #2
591,2020-03-15,0.2,29.670025,-95.128508,Carbon monoxide,Harris,Houston Deer Park #2
592,2020-03-16,0.2,29.670025,-95.128508,Carbon monoxide,Harris,Houston Deer Park #2
593,2020-03-17,0.2,29.670025,-95.128508,Carbon monoxide,Harris,Houston Deer Park #2
594,2020-03-18,0.2,29.670025,-95.128508,Carbon monoxide,Harris,Houston Deer Park #2
595,2020-03-19,0.2,29.670025,-95.128508,Carbon monoxide,Harris,Houston Deer Park #2
596,2020-03-20,0.2,29.670025,-95.128508,Carbon monoxide,Harris,Houston Deer Park #2
597,2020-03-21,0.3,29.670025,-95.128508,Carbon monoxide,Harris,Houston Deer Park #2
598,2020-03-22,0.3,29.670025,-95.128508,Carbon monoxide,Harris,Houston Deer Park #2
599,2020-03-23,0.2,29.670025,-95.128508,Carbon monoxide,Harris,Houston Deer Park #2
600,2020-03-24,0.2,29.670025,-95.128508,Carbon monoxide,Harris,Houston Deer Park #2
601,2020-03-25,0.2,29.670025,-95.128508,Carbon monoxide,Harris,Houston Deer Park #2
602,2020-03-26,0.2,29.670025,-95.128508,Carbon monoxide,Harris,Houston Deer Park #2
603,2020-03-27,0.2,29.670025,-95.128508,Carbon monoxide,Harris,Houston Deer Park #2
604,2020-03-28,0.2,29.670025,-95.128508,Carbon monoxide,Harris,Houston Deer Park #2
605,2020-03-29,0.2,29.670025,-95.128508,Carbon monoxide,Harris,Houston Deer Park #2
606,2020-03-30,0.2,29.670025,-95.128508,Carbon monoxide,Harris,Houston Deer Park #2
607,2020-03-31,0.2,29.670025,-95.128508,Carbon monoxide,Harris,Houston Deer Park #2
608,2020-04-01,0.2,29.670025,-95.128508,Carbon monoxide,Harris,Houston Deer Park #2
609,2020-01-01,1.2,29.814529999999998,-95.38769,Carbon monoxide,Harris,Houston North Loop
610,2020-01-02,0.8,29.814529999999998,-95.38769,Carbon monoxide,Harris,Houston North Loop
611,2020-01-03,0.6,29.814529999999998,-95.38769,Carbon monoxide,Harris,Houston North Loop
612,2020-01-04,0.9,29.814529999999998,-95.38769,Carbon monoxide,Harris,Houston North Loop
613,2020-01-05,1.0,29.814529999999998,-95.38769,Carbon monoxide,Harris,Houston North Loop
614,2020-01-06,0.7,29.814529999999998,-95.38769,Carbon monoxide,Harris,Houston North Loop
615,2020-01-07,0.9,29.814529999999998,-95.38769,Carbon monoxide,Harris,Houston North Loop
616,2020-01-08,1.8,29.814529999999998,-95.38769,Carbon monoxide,Harris,Houston North Loop
617,2020-01-09,0.6,29.814529999999998,-95.38769,Carbon monoxide,Harris,Houston North Loop
618,2020-01-10,0.5,29.814529999999998,-95.38769,Carbon monoxide,Harris,Houston North Loop
619,2020-01-11,0.4,29.814529999999998,-95.38769,Carbon monoxide,Harris,Houston North Loop
620,2020-01-12,0.5,29.814529999999998,-95.38769,Carbon monoxide,Harris,Houston North Loop
621,2020-01-13,0.7,29.814529999999998,-95.38769,Carbon monoxide,Harris,Houston North Loop
622,2020-01-14,0.7,29.814529999999998,-95.38769,Carbon monoxide,Harris,Houston North Loop
623,2020-01-15,0.7,29.814529999999998,-95.38769,Carbon monoxide,Harris,Houston North Loop
624,2020-01-16,0.8,29.814529999999998,-95.38769,Carbon monoxide,Harris,Houston North Loop
625,2020-01-17,0.7,29.814529999999998,-95.38769,Carbon monoxide,Harris,Houston North Loop
626,2020-01-18,0.7,29.814529999999998,-95.38769,Carbon monoxide,Harris,Houston North Loop
627,2020-01-19,0.3,29.814529999999998,-95.38769,Carbon monoxide,Harris,Houston North Loop
628,2020-01-20,0.4,29.814529999999998,-95.38769,Carbon monoxide,Harris,Houston North Loop
629,2020-01-21,0.6,29.814529999999998,-95.38769,Carbon monoxide,Harris,Houston North Loop
630,2020-01-22,0.6,29.814529999999998,-95.38769,Carbon monoxide,Harris,Houston North Loop
631,2020-01-23,0.4,29.814529999999998,-95.38769,Carbon monoxide,Harris,Houston North Loop
632,2020-01-24,1.0,29.814529999999998,-95.38769,Carbon monoxide,Harris,Houston North Loop
633,2020-01-25,1.5,29.814529999999998,-95.38769,Carbon monoxide,Harris,Houston North Loop
634,2020-01-26,0.7,29.814529999999998,-95.38769,Carbon monoxide,Harris,Houston North Loop
635,2020-01-27,0.6,29.814529999999998,-95.38769,Carbon monoxide,Harris,Houston North Loop
636,2020-01-28,0.7,29.814529999999998,-95.38769,Carbon monoxide,Harris,Houston North Loop
637,2020-01-29,0.5,29.814529999999998,-95.38769,Carbon monoxide,Harris,Houston North Loop
638,2020-01-30,0.3,29.814529999999998,-95.38769,Carbon monoxide,Harris,Houston North Loop
639,2020-01-31,0.5,29.814529999999998,-95.38769,Carbon monoxide,Harris,Houston North Loop
640,2020-02-01,0.8,29.814529999999998,-95.38769,Carbon monoxide,Harris,Houston North Loop
641,2020-02-02,0.9,29.814529999999998,-95.38769,Carbon monoxide,Harris,Houston North Loop
642,2020-02-03,0.5,29.814529999999998,-95.38769,Carbon monoxide,Harris,Houston North Loop
643,2020-02-04,0.8,29.814529999999998,-95.38769,Carbon monoxide,Harris,Houston North Loop
644,2020-02-05,0.7,29.814529999999998,-95.38769,Carbon monoxide,Harris,Houston North Loop
645,2020-02-06,0.5,29.814529999999998,-95.38769,Carbon monoxide,Harris,Houston North Loop
646,2020-02-07,0.7,29.814529999999998,-95.38769,Carbon monoxide,Harris,Houston North Loop
647,2020-02-08,0.7,29.814529999999998,-95.38769,Carbon monoxide,Harris,Houston North Loop
648,2020-02-09,0.7,29.814529999999998,-95.38769,Carbon monoxide,Harris,Houston North Loop
649,2020-02-10,0.6,29.814529999999998,-95.38769,Carbon monoxide,Harris,Houston North Loop
650,2020-02-11,0.4,29.814529999999998,-95.38769,Carbon monoxide,Harris,Houston North Loop
651,2020-02-12,0.4,29.814529999999998,-95.38769,Carbon monoxide,Harris,Houston North Loop
652,2020-02-13,0.3,29.814529999999998,-95.38769,Carbon monoxide,Harris,Houston North Loop
653,2020-02-14,0.6,29.814529999999998,-95.38769,Carbon monoxide,Harris,Houston North Loop
654,2020-02-15,0.8,29.814529999999998,-95.38769,Carbon monoxide,Harris,Houston North Loop
655,2020-02-16,0.7,29.814529999999998,-95.38769,Carbon monoxide,Harris,Houston North Loop
656,2020-02-17,0.7,29.814529999999998,-95.38769,Carbon monoxide,Harris,Houston North Loop
657,2020-02-18,0.9,29.814529999999998,-95.38769,Carbon monoxide,Harris,Houston North Loop
658,2020-02-19,0.6,29.814529999999998,-95.38769,Carbon monoxide,Harris,Houston North Loop
659,2020-02-20,0.3,29.814529999999998,-95.38769,Carbon monoxide,Harris,Houston North Loop
660,2020-02-21,0.3,29.814529999999998,-95.38769,Carbon monoxide,Harris,Houston North Loop
661,2020-02-22,0.6,29.814529999999998,-95.38769,Carbon monoxide,Harris,Houston North Loop
662,2020-02-23,0.6,29.814529999999998,-95.38769,Carbon monoxide,Harris,Houston North Loop
663,2020-02-24,0.6,29.814529999999998,-95.38769,Carbon monoxide,Harris,Houston North Loop
664,2020-02-25,0.9,29.814529999999998,-95.38769,Carbon monoxide,Harris,Houston North Loop
665,2020-02-26,0.2,29.814529999999998,-95.38769,Carbon monoxide,Harris,Houston North Loop
666,2020-02-27,0.4,29.814529999999998,-95.38769,Carbon monoxide,Harris,Houston North Loop
667,2020-02-28,0.9,29.814529999999998,-95.38769,Carbon monoxide,Harris,Houston North Loop
668,2020-02-29,1.1,29.814529999999998,-95.38769,Carbon monoxide,Harris,Houston North Loop
669,2020-03-01,0.5,29.814529999999998,-95.38769,Carbon monoxide,Harris,Houston North Loop
670,2020-03-02,0.7,29.814529999999998,-95.38769,Carbon monoxide,Harris,Houston North Loop
671,2020-03-03,0.8,29.814529999999998,-95.38769,Carbon monoxide,Harris,Houston North Loop
672,2020-03-04,0.7,29.814529999999998,-95.38769,Carbon monoxide,Harris,Houston North Loop
673,2020-03-05,0.4,29.814529999999998,-95.38769,Carbon monoxide,Harris,Houston North Loop
674,2020-03-06,0.6,29.814529999999998,-95.38769,Carbon monoxide,Harris,Houston North Loop
675,2020-03-07,0.7,29.814529999999998,-95.38769,Carbon monoxide,Harris,Houston North Loop
676,2020-03-08,0.6,29.814529999999998,-95.38769,Carbon monoxide,Harris,Houston North Loop
677,2020-03-09,0.7,29.814529999999998,-95.38769,Carbon monoxide,Harris,Houston North Loop
678,2020-03-10,0.7,29.814529999999998,-95.38769,Carbon monoxide,Harris,Houston North Loop
679,2020-03-11,0.6,29.814529999999998,-95.38769,Carbon monoxide,Harris,Houston North Loop
680,2020-03-12,0.6,29.814529999999998,-95.38769,Carbon monoxide,Harris,Houston North Loop
681,2020-03-13,0.7,29.814529999999998,-95.38769,Carbon monoxide,Harris,Houston North Loop
682,2020-03-14,0.7,29.814529999999998,-95.38769,Carbon monoxide,Harris,Houston North Loop
683,2020-03-15,0.6,29.814529999999998,-95.38769,Carbon monoxide,Harris,Houston North Loop
684,2020-03-16,0.8,29.814529999999998,-95.38769,Carbon monoxide,Harris,Houston North Loop
685,2020-03-17,0.6,29.814529999999998,-95.38769,Carbon monoxide,Harris,Houston North Loop
686,2020-03-18,0.5,29.814529999999998,-95.38769,Carbon monoxide,Harris,Houston North Loop
687,2020-03-19,0.5,29.814529999999998,-95.38769,Carbon monoxide,Harris,Houston North Loop
688,2020-03-20,0.5,29.814529999999998,-95.38769,Carbon monoxide,Harris,Houston North Loop
689,2020-03-21,0.3,29.814529999999998,-95.38769,Carbon monoxide,Harris,Houston North Loop
690,2020-03-22,0.6,29.814529999999998,-95.38769,Carbon monoxide,Harris,Houston North Loop
691,2020-03-23,0.7,29.814529999999998,-95.38769,Carbon monoxide,Harris,Houston North Loop
692,2020-03-24,0.6,29.814529999999998,-95.38769,Carbon monoxide,Harris,Houston North Loop
693,2020-03-25,0.5,29.814529999999998,-95.38769,Carbon monoxide,Harris,Houston North Loop
694,2020-03-26,0.6,29.814529999999998,-95.38769,Carbon monoxide,Harris,Houston North Loop
695,2020-03-27,0.5,29.814529999999998,-95.38769,Carbon monoxide,Harris,Houston North Loop
696,2020-03-28,0.5,29.814529999999998,-95.38769,Carbon monoxide,Harris,Houston North Loop
697,2020-03-29,0.4,29.814529999999998,-95.38769,Carbon monoxide,Harris,Houston North Loop
698,2020-03-30,0.5,29.814529999999998,-95.38769,Carbon monoxide,Harris,Houston North Loop
699,2020-03-31,0.4,29.814529999999998,-95.38769,Carbon monoxide,Harris,Houston North Loop
700,2020-04-01,0.2,29.814529999999998,-95.38769,Carbon monoxide,Harris,Houston North Loop
701,2020-01-01,0.2,31.653086,-97.070704,Carbon monoxide,McLennan,Waco Mazanec
702,2020-01-02,0.2,31.653086,-97.070704,Carbon monoxide,McLennan,Waco Mazanec
703,2020-01-03,0.2,31.653086,-97.070704,Carbon monoxide,McLennan,Waco Mazanec
704,2020-01-04,0.2,31.653086,-97.070704,Carbon monoxide,McLennan,Waco Mazanec
705,2020-01-05,0.2,31.653086,-97.070704,Carbon monoxide,McLennan,Waco Mazanec
706,2020-01-06,0.2,31.653086,-97.070704,Carbon monoxide,McLennan,Waco Mazanec
707,2020-01-07,0.2,31.653086,-97.070704,Carbon monoxide,McLennan,Waco Mazanec
708,2020-01-08,0.2,31.653086,-97.070704,Carbon monoxide,McLennan,Waco Mazanec
709,2020-01-09,0.2,31.653086,-97.070704,Carbon monoxide,McLennan,Waco Mazanec
710,2020-01-10,0.2,31.653086,-97.070704,Carbon monoxide,McLennan,Waco Mazanec
711,2020-01-11,0.2,31.653086,-97.070704,Carbon monoxide,McLennan,Waco Mazanec
712,2020-01-12,0.2,31.653086,-97.070704,Carbon monoxide,McLennan,Waco Mazanec
713,2020-01-13,0.2,31.653086,-97.070704,Carbon monoxide,McLennan,Waco Mazanec
714,2020-01-14,0.3,31.653086,-97.070704,Carbon monoxide,McLennan,Waco Mazanec
715,2020-01-15,0.3,31.653086,-97.070704,Carbon monoxide,McLennan,Waco Mazanec
716,2020-01-16,0.3,31.653086,-97.070704,Carbon monoxide,McLennan,Waco Mazanec
717,2020-01-17,0.3,31.653086,-97.070704,Carbon monoxide,McLennan,Waco Mazanec
718,2020-01-18,0.3,31.653086,-97.070704,Carbon monoxide,McLennan,Waco Mazanec
719,2020-01-19,0.1,31.653086,-97.070704,Carbon monoxide,McLennan,Waco Mazanec
720,2020-01-20,0.2,31.653086,-97.070704,Carbon monoxide,McLennan,Waco Mazanec
721,2020-01-21,0.2,31.653086,-97.070704,Carbon monoxide,McLennan,Waco Mazanec
722,2020-01-22,0.2,31.653086,-97.070704,Carbon monoxide,McLennan,Waco Mazanec
723,2020-01-23,0.3,31.653086,-97.070704,Carbon monoxide,McLennan,Waco Mazanec
724,2020-01-24,0.3,31.653086,-97.070704,Carbon monoxide,McLennan,Waco Mazanec
725,2020-01-25,0.2,31.653086,-97.070704,Carbon monoxide,McLennan,Waco Mazanec
726,2020-01-26,0.2,31.653086,-97.070704,Carbon monoxide,McLennan,Waco Mazanec
727,2020-01-27,0.2,31.653086,-97.070704,Carbon monoxide,McLennan,Waco Mazanec
728,2020-01-28,0.2,31.653086,-97.070704,Carbon monoxide,McLennan,Waco Mazanec
729,2020-01-29,0.1,31.653086,-97.070704,Carbon monoxide,McLennan,Waco Mazanec
730,2020-01-30,0.2,31.653086,-97.070704,Carbon monoxide,McLennan,Waco Mazanec
731,2020-01-31,0.2,31.653086,-97.070704,Carbon monoxide,McLennan,Waco Mazanec
732,2020-02-01,0.3,31.653086,-97.070704,Carbon monoxide,McLennan,Waco Mazanec
733,2020-02-02,0.2,31.653086,-97.070704,Carbon monoxide,McLennan,Waco Mazanec
734,2020-02-03,0.2,31.653086,-97.070704,Carbon monoxide,McLennan,Waco Mazanec
735,2020-02-04,0.2,31.653086,-97.070704,Carbon monoxide,McLennan,Waco Mazanec
736,2020-02-05,0.2,31.653086,-97.070704,Carbon monoxide,McLennan,Waco Mazanec
737,2020-02-06,0.2,31.653086,-97.070704,Carbon monoxide,McLennan,Waco Mazanec
738,2020-02-07,0.2,31.653086,-97.070704,Carbon monoxide,McLennan,Waco Mazanec
739,2020-02-08,0.2,31.653086,-97.070704,Carbon monoxide,McLennan,Waco Mazanec
740,2020-02-09,0.2,31.653086,-97.070704,Carbon monoxide,McLennan,Waco Mazanec
741,2020-02-10,0.2,31.653086,-97.070704,Carbon monoxide,McLennan,Waco Mazanec
742,2020-02-11,0.2,31.653086,-97.070704,Carbon monoxide,McLennan,Waco Mazanec
743,2020-02-12,0.1,31.653086,-97.070704,Carbon monoxide,McLennan,Waco Mazanec
744,2020-02-13,0.2,31.653086,-97.070704,Carbon monoxide,McLennan,Waco Mazanec
745,2020-02-14,0.1,31.653086,-97.070704,Carbon monoxide,McLennan,Waco Mazanec
746,2020-02-15,0.2,31.653086,-97.070704,Carbon monoxide,McLennan,Waco Mazanec
747,2020-02-16,0.2,31.653086,-97.070704,Carbon monoxide,McLennan,Waco Mazanec
748,2020-02-17,0.2,31.653086,-97.070704,Carbon monoxide,McLennan,Waco Mazanec
749,2020-02-18,0.2,31.653086,-97.070704,Carbon monoxide,McLennan,Waco Mazanec
750,2020-02-19,0.1,31.653086,-97.070704,Carbon monoxide,McLennan,Waco Mazanec
751,2020-02-20,0.1,31.653086,-97.070704,Carbon monoxide,McLennan,Waco Mazanec
752,2020-02-21,0.1,31.653086,-97.070704,Carbon monoxide,McLennan,Waco Mazanec
753,2020-02-22,0.2,31.653086,-97.070704,Carbon monoxide,McLennan,Waco Mazanec
754,2020-02-23,0.2,31.653086,-97.070704,Carbon monoxide,McLennan,Waco Mazanec
755,2020-02-24,0.2,31.653086,-97.070704,Carbon monoxide,McLennan,Waco Mazanec
756,2020-02-25,0.2,31.653086,-97.070704,Carbon monoxide,McLennan,Waco Mazanec
757,2020-02-26,0.1,31.653086,-97.070704,Carbon monoxide,McLennan,Waco Mazanec
758,2020-02-27,0.2,31.653086,-97.070704,Carbon monoxide,McLennan,Waco Mazanec
759,2020-02-28,0.2,31.653086,-97.070704,Carbon monoxide,McLennan,Waco Mazanec
760,2020-02-29,0.2,31.653086,-97.070704,Carbon monoxide,McLennan,Waco Mazanec
761,2020-03-01,0.2,31.653086,-97.070704,Carbon monoxide,McLennan,Waco Mazanec
762,2020-03-02,0.3,31.653086,-97.070704,Carbon monoxide,McLennan,Waco Mazanec
763,2020-03-03,0.3,31.653086,-97.070704,Carbon monoxide,McLennan,Waco Mazanec
764,2020-03-04,0.3,31.653086,-97.070704,Carbon monoxide,McLennan,Waco Mazanec
765,2020-03-05,0.2,31.653086,-97.070704,Carbon monoxide,McLennan,Waco Mazanec
766,2020-03-06,0.2,31.653086,-97.070704,Carbon monoxide,McLennan,Waco Mazanec
767,2020-03-07,0.1,31.653086,-97.070704,Carbon monoxide,McLennan,Waco Mazanec
768,2020-03-08,0.2,31.653086,-97.070704,Carbon monoxide,McLennan,Waco Mazanec
769,2020-03-09,0.2,31.653086,-97.070704,Carbon monoxide,McLennan,Waco Mazanec
770,2020-03-10,0.2,31.653086,-97.070704,Carbon monoxide,McLennan,Waco Mazanec
771,2020-03-11,0.2,31.653086,-97.070704,Carbon monoxide,McLennan,Waco Mazanec
772,2020-03-12,0.2,31.653086,-97.070704,Carbon monoxide,McLennan,Waco Mazanec
773,2020-03-13,0.2,31.653086,-97.070704,Carbon monoxide,McLennan,Waco Mazanec
774,2020-03-14,0.2,31.653086,-97.070704,Carbon monoxide,McLennan,Waco Mazanec
775,2020-03-15,0.2,31.653086,-97.070704,Carbon monoxide,McLennan,Waco Mazanec
776,2020-03-16,0.2,31.653086,-97.070704,Carbon monoxide,McLennan,Waco Mazanec
777,2020-03-17,0.3,31.653086,-97.070704,Carbon monoxide,McLennan,Waco Mazanec
778,2020-03-18,0.2,31.653086,-97.070704,Carbon monoxide,McLennan,Waco Mazanec
779,2020-03-19,0.2,31.653086,-97.070704,Carbon monoxide,McLennan,Waco Mazanec
780,2020-03-20,0.2,31.653086,-97.070704,Carbon monoxide,McLennan,Waco Mazanec
781,2020-03-21,0.2,31.653086,-97.070704,Carbon monoxide,McLennan,Waco Mazanec
782,2020-03-22,0.3,31.653086,-97.070704,Carbon monoxide,McLennan,Waco Mazanec
783,2020-03-23,0.3,31.653086,-97.070704,Carbon monoxide,McLennan,Waco Mazanec
784,2020-03-24,0.3,31.653086,-97.070704,Carbon monoxide,McLennan,Waco Mazanec
785,2020-03-25,0.3,31.653086,-97.070704,Carbon monoxide,McLennan,Waco Mazanec
786,2020-03-26,0.3,31.653086,-97.070704,Carbon monoxide,McLennan,Waco Mazanec
787,2020-03-27,0.3,31.653086,-97.070704,Carbon monoxide,McLennan,Waco Mazanec
788,2020-03-28,0.3,31.653086,-97.070704,Carbon monoxide,McLennan,Waco Mazanec
789,2020-03-29,0.3,31.653086,-97.070704,Carbon monoxide,McLennan,Waco Mazanec
790,2020-03-30,0.2,31.653086,-97.070704,Carbon monoxide,McLennan,Waco Mazanec
791,2020-03-31,0.2,31.653086,-97.070704,Carbon monoxide,McLennan,Waco Mazanec
792,2020-04-01,0.2,31.653086,-97.070704,Carbon monoxide,McLennan,Waco Mazanec
793,2020-01-01,0.3,32.664753000000005,-97.337917,Carbon monoxide,Tarrant,Fort Worth California Parkway North
794,2020-01-02,0.5,32.664753000000005,-97.337917,Carbon monoxide,Tarrant,Fort Worth California Parkway North
795,2020-01-03,0.4,32.664753000000005,-97.337917,Carbon monoxide,Tarrant,Fort Worth California Parkway North
796,2020-01-04,0.4,32.664753000000005,-97.337917,Carbon monoxide,Tarrant,Fort Worth California Parkway North
797,2020-01-05,0.4,32.664753000000005,-97.337917,Carbon monoxide,Tarrant,Fort Worth California Parkway North
798,2020-01-06,0.4,32.664753000000005,-97.337917,Carbon monoxide,Tarrant,Fort Worth California Parkway North
799,2020-01-07,0.4,32.664753000000005,-97.337917,Carbon monoxide,Tarrant,Fort Worth California Parkway North
800,2020-01-08,0.4,32.664753000000005,-97.337917,Carbon monoxide,Tarrant,Fort Worth California Parkway North
801,2020-01-09,0.4,32.664753000000005,-97.337917,Carbon monoxide,Tarrant,Fort Worth California Parkway North
802,2020-01-10,0.3,32.664753000000005,-97.337917,Carbon monoxide,Tarrant,Fort Worth California Parkway North
803,2020-01-11,0.4,32.664753000000005,-97.337917,Carbon monoxide,Tarrant,Fort Worth California Parkway North
804,2020-01-12,0.5,32.664753000000005,-97.337917,Carbon monoxide,Tarrant,Fort Worth California Parkway North
805,2020-01-13,0.4,32.664753000000005,-97.337917,Carbon monoxide,Tarrant,Fort Worth California Parkway North
806,2020-01-14,0.4,32.664753000000005,-97.337917,Carbon monoxide,Tarrant,Fort Worth California Parkway North
807,2020-01-15,0.4,32.664753000000005,-97.337917,Carbon monoxide,Tarrant,Fort Worth California Parkway North
808,2020-01-16,0.3,32.664753000000005,-97.337917,Carbon monoxide,Tarrant,Fort Worth California Parkway North
809,2020-01-17,0.4,32.664753000000005,-97.337917,Carbon monoxide,Tarrant,Fort Worth California Parkway North
810,2020-01-18,0.4,32.664753000000005,-97.337917,Carbon monoxide,Tarrant,Fort Worth California Parkway North
811,2020-01-19,0.5,32.664753000000005,-97.337917,Carbon monoxide,Tarrant,Fort Worth California Parkway North
812,2020-01-20,0.6,32.664753000000005,-97.337917,Carbon monoxide,Tarrant,Fort Worth California Parkway North
813,2020-01-21,0.5,32.664753000000005,-97.337917,Carbon monoxide,Tarrant,Fort Worth California Parkway North
814,2020-01-22,0.3,32.664753000000005,-97.337917,Carbon monoxide,Tarrant,Fort Worth California Parkway North
815,2020-01-23,0.3,32.664753000000005,-97.337917,Carbon monoxide,Tarrant,Fort Worth California Parkway North
816,2020-01-24,0.5,32.664753000000005,-97.337917,Carbon monoxide,Tarrant,Fort Worth California Parkway North
817,2020-01-25,0.5,32.664753000000005,-97.337917,Carbon monoxide,Tarrant,Fort Worth California Parkway North
818,2020-01-26,0.5,32.664753000000005,-97.337917,Carbon monoxide,Tarrant,Fort Worth California Parkway North
819,2020-01-27,0.6,32.664753000000005,-97.337917,Carbon monoxide,Tarrant,Fort Worth California Parkway North
820,2020-01-28,0.3,32.664753000000005,-97.337917,Carbon monoxide,Tarrant,Fort Worth California Parkway North
821,2020-01-29,0.1,32.664753000000005,-97.337917,Carbon monoxide,Tarrant,Fort Worth California Parkway North
822,2020-01-30,0.2,32.664753000000005,-97.337917,Carbon monoxide,Tarrant,Fort Worth California Parkway North
823,2020-01-31,0.2,32.664753000000005,-97.337917,Carbon monoxide,Tarrant,Fort Worth California Parkway North
824,2020-02-01,0.6,32.664753000000005,-97.337917,Carbon monoxide,Tarrant,Fort Worth California Parkway North
825,2020-02-02,0.6,32.664753000000005,-97.337917,Carbon monoxide,Tarrant,Fort Worth California Parkway North
826,2020-02-03,0.4,32.664753000000005,-97.337917,Carbon monoxide,Tarrant,Fort Worth California Parkway North
827,2020-02-04,0.3,32.664753000000005,-97.337917,Carbon monoxide,Tarrant,Fort Worth California Parkway North
828,2020-02-05,0.2,32.664753000000005,-97.337917,Carbon monoxide,Tarrant,Fort Worth California Parkway North
829,2020-02-06,0.5,32.664753000000005,-97.337917,Carbon monoxide,Tarrant,Fort Worth California Parkway North
830,2020-02-07,0.5,32.664753000000005,-97.337917,Carbon monoxide,Tarrant,Fort Worth California Parkway North
831,2020-02-08,0.7,32.664753000000005,-97.337917,Carbon monoxide,Tarrant,Fort Worth California Parkway North
832,2020-02-09,0.3,32.664753000000005,-97.337917,Carbon monoxide,Tarrant,Fort Worth California Parkway North
833,2020-02-10,0.3,32.664753000000005,-97.337917,Carbon monoxide,Tarrant,Fort Worth California Parkway North
834,2020-02-11,0.2,32.664753000000005,-97.337917,Carbon monoxide,Tarrant,Fort Worth California Parkway North
835,2020-02-12,0.4,32.664753000000005,-97.337917,Carbon monoxide,Tarrant,Fort Worth California Parkway North
836,2020-02-13,0.3,32.664753000000005,-97.337917,Carbon monoxide,Tarrant,Fort Worth California Parkway North
837,2020-02-14,0.4,32.664753000000005,-97.337917,Carbon monoxide,Tarrant,Fort Worth California Parkway North
838,2020-02-15,0.4,32.664753000000005,-97.337917,Carbon monoxide,Tarrant,Fort Worth California Parkway North
839,2020-02-16,0.4,32.664753000000005,-97.337917,Carbon monoxide,Tarrant,Fort Worth California Parkway North
840,2020-02-17,0.4,32.664753000000005,-97.337917,Carbon monoxide,Tarrant,Fort Worth California Parkway North
841,2020-02-18,0.3,32.664753000000005,-97.337917,Carbon monoxide,Tarrant,Fort Worth California Parkway North
842,2020-02-19,0.2,32.664753000000005,-97.337917,Carbon monoxide,Tarrant,Fort Worth California Parkway North
843,2020-02-20,0.2,32.664753000000005,-97.337917,Carbon monoxide,Tarrant,Fort Worth California Parkway North
844,2020-02-21,0.4,32.664753000000005,-97.337917,Carbon monoxide,Tarrant,Fort Worth California Parkway North
845,2020-02-22,0.4,32.664753000000005,-97.337917,Carbon monoxide,Tarrant,Fort Worth California Parkway North
846,2020-02-23,0.3,32.664753000000005,-97.337917,Carbon monoxide,Tarrant,Fort Worth California Parkway North
847,2020-02-24,0.3,32.664753000000005,-97.337917,Carbon monoxide,Tarrant,Fort Worth California Parkway North
848,2020-02-25,0.2,32.664753000000005,-97.337917,Carbon monoxide,Tarrant,Fort Worth California Parkway North
849,2020-02-26,0.2,32.664753000000005,-97.337917,Carbon monoxide,Tarrant,Fort Worth California Parkway North
850,2020-02-27,0.5,32.664753000000005,-97.337917,Carbon monoxide,Tarrant,Fort Worth California Parkway North
851,2020-02-28,0.6,32.664753000000005,-97.337917,Carbon monoxide,Tarrant,Fort Worth California Parkway North
852,2020-02-29,0.6,32.664753000000005,-97.337917,Carbon monoxide,Tarrant,Fort Worth California Parkway North
853,2020-03-01,0.3,32.664753000000005,-97.337917,Carbon monoxide,Tarrant,Fort Worth California Parkway North
854,2020-03-02,0.4,32.664753000000005,-97.337917,Carbon monoxide,Tarrant,Fort Worth California Parkway North
855,2020-03-03,0.4,32.664753000000005,-97.337917,Carbon monoxide,Tarrant,Fort Worth California Parkway North
856,2020-03-04,0.3,32.664753000000005,-97.337917,Carbon monoxide,Tarrant,Fort Worth California Parkway North
857,2020-03-05,0.4,32.664753000000005,-97.337917,Carbon monoxide,Tarrant,Fort Worth California Parkway North
858,2020-03-06,0.5,32.664753000000005,-97.337917,Carbon monoxide,Tarrant,Fort Worth California Parkway North
859,2020-03-07,0.6,32.664753000000005,-97.337917,Carbon monoxide,Tarrant,Fort Worth California Parkway North
860,2020-03-08,0.3,32.664753000000005,-97.337917,Carbon monoxide,Tarrant,Fort Worth California Parkway North
861,2020-03-09,0.3,32.664753000000005,-97.337917,Carbon monoxide,Tarrant,Fort Worth California Parkway North
862,2020-03-10,0.4,32.664753000000005,-97.337917,Carbon monoxide,Tarrant,Fort Worth California Parkway North
863,2020-03-11,0.4,32.664753000000005,-97.337917,Carbon monoxide,Tarrant,Fort Worth California Parkway North
864,2020-03-12,0.5,32.664753000000005,-97.337917,Carbon monoxide,Tarrant,Fort Worth California Parkway North
865,2020-03-13,0.5,32.664753000000005,-97.337917,Carbon monoxide,Tarrant,Fort Worth California Parkway North
866,2020-03-14,0.4,32.664753000000005,-97.337917,Carbon monoxide,Tarrant,Fort Worth California Parkway North
867,2020-03-15,0.2,32.664753000000005,-97.337917,Carbon monoxide,Tarrant,Fort Worth California Parkway North
868,2020-03-16,0.4,32.664753000000005,-97.337917,Carbon monoxide,Tarrant,Fort Worth California Parkway North
869,2020-03-17,0.4,32.664753000000005,-97.337917,Carbon monoxide,Tarrant,Fort Worth California Parkway North
870,2020-03-18,0.3,32.664753000000005,-97.337917,Carbon monoxide,Tarrant,Fort Worth California Parkway North
871,2020-03-19,0.4,32.664753000000005,-97.337917,Carbon monoxide,Tarrant,Fort Worth California Parkway North
872,2020-03-20,0.4,32.664753000000005,-97.337917,Carbon monoxide,Tarrant,Fort Worth California Parkway North
873,2020-03-21,0.3,32.664753000000005,-97.337917,Carbon monoxide,Tarrant,Fort Worth California Parkway North
874,2020-03-22,0.4,32.664753000000005,-97.337917,Carbon monoxide,Tarrant,Fort Worth California Parkway North
875,2020-03-23,0.4,32.664753000000005,-97.337917,Carbon monoxide,Tarrant,Fort Worth California Parkway North
876,2020-03-24,0.4,32.664753000000005,-97.337917,Carbon monoxide,Tarrant,Fort Worth California Parkway North
877,2020-03-25,0.7,32.664753000000005,-97.337917,Carbon monoxide,Tarrant,Fort Worth California Parkway North
878,2020-03-26,0.4,32.664753000000005,-97.337917,Carbon monoxide,Tarrant,Fort Worth California Parkway North
879,2020-03-27,0.4,32.664753000000005,-97.337917,Carbon monoxide,Tarrant,Fort Worth California Parkway North
880,2020-03-28,0.4,32.664753000000005,-97.337917,Carbon monoxide,Tarrant,Fort Worth California Parkway North
881,2020-03-29,0.4,32.664753000000005,-97.337917,Carbon monoxide,Tarrant,Fort Worth California Parkway North
882,2020-03-30,0.4,32.664753000000005,-97.337917,Carbon monoxide,Tarrant,Fort Worth California Parkway North
883,2020-03-31,0.4,32.664753000000005,-97.337917,Carbon monoxide,Tarrant,Fort Worth California Parkway North
884,2020-04-01,0.5,32.664753000000005,-97.337917,Carbon monoxide,Tarrant,Fort Worth California Parkway North
885,2020-01-01,0.4,30.353859999999997,-97.69166,Carbon monoxide,Travis,Austin North Interstate 35
886,2020-01-02,0.6,30.353859999999997,-97.69166,Carbon monoxide,Travis,Austin North Interstate 35
887,2020-01-03,0.6,30.353859999999997,-97.69166,Carbon monoxide,Travis,Austin North Interstate 35
888,2020-01-04,0.6,30.353859999999997,-97.69166,Carbon monoxide,Travis,Austin North Interstate 35
889,2020-01-05,0.7,30.353859999999997,-97.69166,Carbon monoxide,Travis,Austin North Interstate 35
890,2020-01-06,0.7,30.353859999999997,-97.69166,Carbon monoxide,Travis,Austin North Interstate 35
891,2020-01-07,1.1,30.353859999999997,-97.69166,Carbon monoxide,Travis,Austin North Interstate 35
892,2020-01-08,1.4,30.353859999999997,-97.69166,Carbon monoxide,Travis,Austin North Interstate 35
893,2020-01-09,0.3,30.353859999999997,-97.69166,Carbon monoxide,Travis,Austin North Interstate 35
894,2020-01-10,0.3,30.353859999999997,-97.69166,Carbon monoxide,Travis,Austin North Interstate 35
895,2020-01-11,0.4,30.353859999999997,-97.69166,Carbon monoxide,Travis,Austin North Interstate 35
896,2020-01-12,0.6,30.353859999999997,-97.69166,Carbon monoxide,Travis,Austin North Interstate 35
897,2020-01-13,0.6,30.353859999999997,-97.69166,Carbon monoxide,Travis,Austin North Interstate 35
898,2020-01-14,0.7,30.353859999999997,-97.69166,Carbon monoxide,Travis,Austin North Interstate 35
899,2020-01-15,0.6,30.353859999999997,-97.69166,Carbon monoxide,Travis,Austin North Interstate 35
900,2020-01-16,0.5,30.353859999999997,-97.69166,Carbon monoxide,Travis,Austin North Interstate 35
901,2020-01-17,0.4,30.353859999999997,-97.69166,Carbon monoxide,Travis,Austin North Interstate 35
902,2020-01-18,0.4,30.353859999999997,-97.69166,Carbon monoxide,Travis,Austin North Interstate 35
903,2020-01-20,0.2,30.353859999999997,-97.69166,Carbon monoxide,Travis,Austin North Interstate 35
904,2020-01-21,0.2,30.353859999999997,-97.69166,Carbon monoxide,Travis,Austin North Interstate 35
905,2020-01-22,0.2,30.353859999999997,-97.69166,Carbon monoxide,Travis,Austin North Interstate 35
906,2020-01-23,0.3,30.353859999999997,-97.69166,Carbon monoxide,Travis,Austin North Interstate 35
907,2020-01-24,0.3,30.353859999999997,-97.69166,Carbon monoxide,Travis,Austin North Interstate 35
908,2020-01-25,0.2,30.353859999999997,-97.69166,Carbon monoxide,Travis,Austin North Interstate 35
909,2020-01-26,0.1,30.353859999999997,-97.69166,Carbon monoxide,Travis,Austin North Interstate 35
910,2020-01-27,0.5,30.353859999999997,-97.69166,Carbon monoxide,Travis,Austin North Interstate 35
911,2020-01-28,0.4,30.353859999999997,-97.69166,Carbon monoxide,Travis,Austin North Interstate 35
912,2020-01-29,0.4,30.353859999999997,-97.69166,Carbon monoxide,Travis,Austin North Interstate 35
913,2020-01-30,0.3,30.353859999999997,-97.69166,Carbon monoxide,Travis,Austin North Interstate 35
914,2020-01-31,0.4,30.353859999999997,-97.69166,Carbon monoxide,Travis,Austin North Interstate 35
915,2020-02-01,1.1,30.353859999999997,-97.69166,Carbon monoxide,Travis,Austin North Interstate 35
916,2020-02-02,1.7,30.353859999999997,-97.69166,Carbon monoxide,Travis,Austin North Interstate 35
917,2020-02-03,0.4,30.353859999999997,-97.69166,Carbon monoxide,Travis,Austin North Interstate 35
918,2020-02-04,0.5,30.353859999999997,-97.69166,Carbon monoxide,Travis,Austin North Interstate 35
919,2020-02-05,0.2,30.353859999999997,-97.69166,Carbon monoxide,Travis,Austin North Interstate 35
920,2020-02-06,0.7,30.353859999999997,-97.69166,Carbon monoxide,Travis,Austin North Interstate 35
921,2020-02-07,0.8,30.353859999999997,-97.69166,Carbon monoxide,Travis,Austin North Interstate 35
922,2020-02-08,0.5,30.353859999999997,-97.69166,Carbon monoxide,Travis,Austin North Interstate 35
923,2020-02-09,0.5,30.353859999999997,-97.69166,Carbon monoxide,Travis,Austin North Interstate 35
924,2020-02-10,0.5,30.353859999999997,-97.69166,Carbon monoxide,Travis,Austin North Interstate 35
925,2020-02-11,0.3,30.353859999999997,-97.69166,Carbon monoxide,Travis,Austin North Interstate 35
926,2020-02-12,0.8,30.353859999999997,-97.69166,Carbon monoxide,Travis,Austin North Interstate 35
927,2020-02-13,0.9,30.353859999999997,-97.69166,Carbon monoxide,Travis,Austin North Interstate 35
928,2020-02-14,0.5,30.353859999999997,-97.69166,Carbon monoxide,Travis,Austin North Interstate 35
929,2020-02-15,0.7,30.353859999999997,-97.69166,Carbon monoxide,Travis,Austin North Interstate 35
930,2020-02-16,0.8,30.353859999999997,-97.69166,Carbon monoxide,Travis,Austin North Interstate 35
931,2020-02-17,0.6,30.353859999999997,-97.69166,Carbon monoxide,Travis,Austin North Interstate 35
932,2020-02-18,0.6,30.353859999999997,-97.69166,Carbon monoxide,Travis,Austin North Interstate 35
933,2020-02-19,0.3,30.353859999999997,-97.69166,Carbon monoxide,Travis,Austin North Interstate 35
934,2020-02-20,0.3,30.353859999999997,-97.69166,Carbon monoxide,Travis,Austin North Interstate 35
935,2020-02-21,0.5,30.353859999999997,-97.69166,Carbon monoxide,Travis,Austin North Interstate 35
936,2020-02-22,0.5,30.353859999999997,-97.69166,Carbon monoxide,Travis,Austin North Interstate 35
937,2020-02-23,0.5,30.353859999999997,-97.69166,Carbon monoxide,Travis,Austin North Interstate 35
938,2020-02-24,0.6,30.353859999999997,-97.69166,Carbon monoxide,Travis,Austin North Interstate 35
939,2020-02-25,0.9,30.353859999999997,-97.69166,Carbon monoxide,Travis,Austin North Interstate 35
940,2020-02-26,0.2,30.353859999999997,-97.69166,Carbon monoxide,Travis,Austin North Interstate 35
941,2020-02-27,0.5,30.353859999999997,-97.69166,Carbon monoxide,Travis,Austin North Interstate 35
942,2020-02-28,0.7,30.353859999999997,-97.69166,Carbon monoxide,Travis,Austin North Interstate 35
943,2020-02-29,0.9,30.353859999999997,-97.69166,Carbon monoxide,Travis,Austin North Interstate 35
944,2020-03-01,0.5,30.353859999999997,-97.69166,Carbon monoxide,Travis,Austin North Interstate 35
945,2020-03-02,0.6,30.353859999999997,-97.69166,Carbon monoxide,Travis,Austin North Interstate 35
946,2020-03-03,0.6,30.353859999999997,-97.69166,Carbon monoxide,Travis,Austin North Interstate 35
947,2020-03-04,0.4,30.353859999999997,-97.69166,Carbon monoxide,Travis,Austin North Interstate 35
948,2020-03-05,0.7,30.353859999999997,-97.69166,Carbon monoxide,Travis,Austin North Interstate 35
949,2020-03-06,0.8,30.353859999999997,-97.69166,Carbon monoxide,Travis,Austin North Interstate 35
950,2020-03-07,0.5,30.353859999999997,-97.69166,Carbon monoxide,Travis,Austin North Interstate 35
951,2020-03-08,0.5,30.353859999999997,-97.69166,Carbon monoxide,Travis,Austin North Interstate 35
952,2020-03-09,0.6,30.353859999999997,-97.69166,Carbon monoxide,Travis,Austin North Interstate 35
953,2020-03-10,0.6,30.353859999999997,-97.69166,Carbon monoxide,Travis,Austin North Interstate 35
954,2020-03-11,0.5,30.353859999999997,-97.69166,Carbon monoxide,Travis,Austin North Interstate 35
955,2020-03-12,0.4,30.353859999999997,-97.69166,Carbon monoxide,Travis,Austin North Interstate 35
956,2020-03-13,0.5,30.353859999999997,-97.69166,Carbon monoxide,Travis,Austin North Interstate 35
957,2020-03-14,0.5,30.353859999999997,-97.69166,Carbon monoxide,Travis,Austin North Interstate 35
958,2020-03-15,0.4,30.353859999999997,-97.69166,Carbon monoxide,Travis,Austin North Interstate 35
959,2020-03-16,0.5,30.353859999999997,-97.69166,Carbon monoxide,Travis,Austin North Interstate 35
960,2020-03-17,0.4,30.353859999999997,-97.69166,Carbon monoxide,Travis,Austin North Interstate 35
961,2020-03-18,0.4,30.353859999999997,-97.69166,Carbon monoxide,Travis,Austin North Interstate 35
962,2020-03-19,0.4,30.353859999999997,-97.69166,Carbon monoxide,Travis,Austin North Interstate 35
963,2020-03-20,0.3,30.353859999999997,-97.69166,Carbon monoxide,Travis,Austin North Interstate 35
964,2020-03-21,0.3,30.353859999999997,-97.69166,Carbon monoxide,Travis,Austin North Interstate 35
965,2020-03-22,0.5,30.353859999999997,-97.69166,Carbon monoxide,Travis,Austin North Interstate 35
966,2020-03-23,0.5,30.353859999999997,-97.69166,Carbon monoxide,Travis,Austin North Interstate 35
967,2020-03-24,0.4,30.353859999999997,-97.69166,Carbon monoxide,Travis,Austin North Interstate 35
968,2020-03-25,0.5,30.353859999999997,-97.69166,Carbon monoxide,Travis,Austin North Interstate 35
969,2020-03-26,0.4,30.353859999999997,-97.69166,Carbon monoxide,Travis,Austin North Interstate 35
970,2020-03-27,0.4,30.353859999999997,-97.69166,Carbon monoxide,Travis,Austin North Interstate 35
971,2020-03-28,0.7,30.353859999999997,-97.69166,Carbon monoxide,Travis,Austin North Interstate 35
972,2020-03-29,0.7,30.353859999999997,-97.69166,Carbon monoxide,Travis,Austin North Interstate 35
973,2020-03-30,0.5,30.353859999999997,-97.69166,Carbon monoxide,Travis,Austin North Interstate 35
974,2020-03-31,0.5,30.353859999999997,-97.69166,Carbon monoxide,Travis,Austin North Interstate 35
975,2020-04-01,0.4,30.353859999999997,-97.69166,Carbon monoxide,Travis,Austin North Interstate 35
976,2020-01-01,0.3,27.517456,-99.515222,Carbon monoxide,Webb,Laredo Vidaurri
977,2020-01-02,0.6,27.517456,-99.515222,Carbon monoxide,Webb,Laredo Vidaurri
978,2020-01-03,0.6,27.517456,-99.515222,Carbon monoxide,Webb,Laredo Vidaurri
979,2020-01-04,0.4,27.517456,-99.515222,Carbon monoxide,Webb,Laredo Vidaurri
980,2020-01-05,0.5,27.517456,-99.515222,Carbon monoxide,Webb,Laredo Vidaurri
981,2020-01-06,0.5,27.517456,-99.515222,Carbon monoxide,Webb,Laredo Vidaurri
982,2020-01-07,0.3,27.517456,-99.515222,Carbon monoxide,Webb,Laredo Vidaurri
983,2020-01-08,0.3,27.517456,-99.515222,Carbon monoxide,Webb,Laredo Vidaurri
984,2020-01-09,0.4,27.517456,-99.515222,Carbon monoxide,Webb,Laredo Vidaurri
985,2020-01-10,0.3,27.517456,-99.515222,Carbon monoxide,Webb,Laredo Vidaurri
986,2020-01-11,0.3,27.517456,-99.515222,Carbon monoxide,Webb,Laredo Vidaurri
987,2020-01-12,0.6,27.517456,-99.515222,Carbon monoxide,Webb,Laredo Vidaurri
988,2020-01-13,0.6,27.517456,-99.515222,Carbon monoxide,Webb,Laredo Vidaurri
989,2020-01-14,0.6,27.517456,-99.515222,Carbon monoxide,Webb,Laredo Vidaurri
990,2020-01-15,0.6,27.517456,-99.515222,Carbon monoxide,Webb,Laredo Vidaurri
991,2020-01-16,0.3,27.517456,-99.515222,Carbon monoxide,Webb,Laredo Vidaurri
992,2020-01-17,0.3,27.517456,-99.515222,Carbon monoxide,Webb,Laredo Vidaurri
993,2020-01-18,0.3,27.517456,-99.515222,Carbon monoxide,Webb,Laredo Vidaurri
994,2020-01-19,0.2,27.517456,-99.515222,Carbon monoxide,Webb,Laredo Vidaurri
995,2020-01-20,0.2,27.517456,-99.515222,Carbon monoxide,Webb,Laredo Vidaurri
996,2020-01-21,0.3,27.517456,-99.515222,Carbon monoxide,Webb,Laredo Vidaurri
997,2020-01-22,0.9,27.517456,-99.515222,Carbon monoxide,Webb,Laredo Vidaurri
998,2020-01-23,1.0,27.517456,-99.515222,Carbon monoxide,Webb,Laredo Vidaurri
999,2020-01-24,0.5,27.517456,-99.515222,Carbon monoxide,Webb,Laredo Vidaurri
1000,2020-01-25,0.4,27.517456,-99.515222,Carbon monoxide,Webb,Laredo Vidaurri
1001,2020-01-26,1.0,27.517456,-99.515222,Carbon monoxide,Webb,Laredo Vidaurri
1002,2020-01-27,1.1,27.517456,-99.515222,Carbon monoxide,Webb,Laredo Vidaurri
1003,2020-01-28,0.2,27.517456,-99.515222,Carbon monoxide,Webb,Laredo Vidaurri
1004,2020-01-29,0.4,27.517456,-99.515222,Carbon monoxide,Webb,Laredo Vidaurri
1005,2020-01-30,0.3,27.517456,-99.515222,Carbon monoxide,Webb,Laredo Vidaurri
1006,2020-01-31,0.3,27.517456,-99.515222,Carbon monoxide,Webb,Laredo Vidaurri
1007,2020-02-01,1.5,27.517456,-99.515222,Carbon monoxide,Webb,Laredo Vidaurri
1008,2020-02-02,1.5,27.517456,-99.515222,Carbon monoxide,Webb,Laredo Vidaurri
1009,2020-02-03,0.3,27.517456,-99.515222,Carbon monoxide,Webb,Laredo Vidaurri
1010,2020-02-04,0.6,27.517456,-99.515222,Carbon monoxide,Webb,Laredo Vidaurri
1011,2020-02-05,0.4,27.517456,-99.515222,Carbon monoxide,Webb,Laredo Vidaurri
1012,2020-02-06,0.2,27.517456,-99.515222,Carbon monoxide,Webb,Laredo Vidaurri
1013,2020-02-07,0.6,27.517456,-99.515222,Carbon monoxide,Webb,Laredo Vidaurri
1014,2020-02-08,0.6,27.517456,-99.515222,Carbon monoxide,Webb,Laredo Vidaurri
1015,2020-02-09,0.3,27.517456,-99.515222,Carbon monoxide,Webb,Laredo Vidaurri
1016,2020-02-10,0.3,27.517456,-99.515222,Carbon monoxide,Webb,Laredo Vidaurri
1017,2020-02-11,0.2,27.517456,-99.515222,Carbon monoxide,Webb,Laredo Vidaurri
1018,2020-02-12,0.4,27.517456,-99.515222,Carbon monoxide,Webb,Laredo Vidaurri
1019,2020-02-13,0.6,27.517456,-99.515222,Carbon monoxide,Webb,Laredo Vidaurri
1020,2020-02-14,0.2,27.517456,-99.515222,Carbon monoxide,Webb,Laredo Vidaurri
1021,2020-02-15,0.6,27.517456,-99.515222,Carbon monoxide,Webb,Laredo Vidaurri
1022,2020-02-16,0.6,27.517456,-99.515222,Carbon monoxide,Webb,Laredo Vidaurri
1023,2020-02-17,0.4,27.517456,-99.515222,Carbon monoxide,Webb,Laredo Vidaurri
1024,2020-02-18,0.3,27.517456,-99.515222,Carbon monoxide,Webb,Laredo Vidaurri
1025,2020-02-19,0.2,27.517456,-99.515222,Carbon monoxide,Webb,Laredo Vidaurri
1026,2020-02-20,0.2,27.517456,-99.515222,Carbon monoxide,Webb,Laredo Vidaurri
1027,2020-02-21,0.3,27.517456,-99.515222,Carbon monoxide,Webb,Laredo Vidaurri
1028,2020-02-22,0.4,27.517456,-99.515222,Carbon monoxide,Webb,Laredo Vidaurri
1029,2020-02-23,0.4,27.517456,-99.515222,Carbon monoxide,Webb,Laredo Vidaurri
1030,2020-02-24,0.3,27.517456,-99.515222,Carbon monoxide,Webb,Laredo Vidaurri
1031,2020-02-25,0.3,27.517456,-99.515222,Carbon monoxide,Webb,Laredo Vidaurri
1032,2020-02-26,0.2,27.517456,-99.515222,Carbon monoxide,Webb,Laredo Vidaurri
1033,2020-02-27,0.4,27.517456,-99.515222,Carbon monoxide,Webb,Laredo Vidaurri
1034,2020-02-28,0.4,27.517456,-99.515222,Carbon monoxide,Webb,Laredo Vidaurri
1035,2020-02-29,0.3,27.517456,-99.515222,Carbon monoxide,Webb,Laredo Vidaurri
1036,2020-03-01,0.3,27.517456,-99.515222,Carbon monoxide,Webb,Laredo Vidaurri
1037,2020-03-02,0.3,27.517456,-99.515222,Carbon monoxide,Webb,Laredo Vidaurri
1038,2020-03-03,0.3,27.517456,-99.515222,Carbon monoxide,Webb,Laredo Vidaurri
1039,2020-03-04,0.2,27.517456,-99.515222,Carbon monoxide,Webb,Laredo Vidaurri
1040,2020-03-05,0.5,27.517456,-99.515222,Carbon monoxide,Webb,Laredo Vidaurri
1041,2020-03-06,0.7,27.517456,-99.515222,Carbon monoxide,Webb,Laredo Vidaurri
1042,2020-03-07,0.2,27.517456,-99.515222,Carbon monoxide,Webb,Laredo Vidaurri
1043,2020-03-08,0.3,27.517456,-99.515222,Carbon monoxide,Webb,Laredo Vidaurri
1044,2020-03-09,0.3,27.517456,-99.515222,Carbon monoxide,Webb,Laredo Vidaurri
1045,2020-03-10,0.3,27.517456,-99.515222,Carbon monoxide,Webb,Laredo Vidaurri
1046,2020-03-11,0.3,27.517456,-99.515222,Carbon monoxide,Webb,Laredo Vidaurri
1047,2020-03-12,0.2,27.517456,-99.515222,Carbon monoxide,Webb,Laredo Vidaurri
1048,2020-03-13,0.2,27.517456,-99.515222,Carbon monoxide,Webb,Laredo Vidaurri
1049,2020-03-14,0.2,27.517456,-99.515222,Carbon monoxide,Webb,Laredo Vidaurri
1050,2020-03-15,0.3,27.517456,-99.515222,Carbon monoxide,Webb,Laredo Vidaurri
1051,2020-03-16,0.2,27.517456,-99.515222,Carbon monoxide,Webb,Laredo Vidaurri
1052,2020-03-17,0.2,27.517456,-99.515222,Carbon monoxide,Webb,Laredo Vidaurri
1053,2020-03-18,0.2,27.517456,-99.515222,Carbon monoxide,Webb,Laredo Vidaurri
1054,2020-03-19,0.2,27.517456,-99.515222,Carbon monoxide,Webb,Laredo Vidaurri
1055,2020-03-20,0.2,27.517456,-99.515222,Carbon monoxide,Webb,Laredo Vidaurri
1056,2020-03-21,0.2,27.517456,-99.515222,Carbon monoxide,Webb,Laredo Vidaurri
1057,2020-03-22,0.4,27.517456,-99.515222,Carbon monoxide,Webb,Laredo Vidaurri
1058,2020-03-23,0.4,27.517456,-99.515222,Carbon monoxide,Webb,Laredo Vidaurri
1059,2020-03-24,0.2,27.517456,-99.515222,Carbon monoxide,Webb,Laredo Vidaurri
1060,2020-03-25,0.3,27.517456,-99.515222,Carbon monoxide,Webb,Laredo Vidaurri
1061,2020-03-26,0.2,27.517456,-99.515222,Carbon monoxide,Webb,Laredo Vidaurri
1062,2020-03-27,0.3,27.517456,-99.515222,Carbon monoxide,Webb,Laredo Vidaurri
1063,2020-03-28,0.3,27.517456,-99.515222,Carbon monoxide,Webb,Laredo Vidaurri
1064,2020-03-29,0.2,27.517456,-99.515222,Carbon monoxide,Webb,Laredo Vidaurri
1065,2020-03-30,0.4,27.517456,-99.515222,Carbon monoxide,Webb,Laredo Vidaurri
1066,2020-03-31,0.4,27.517456,-99.515222,Carbon monoxide,Webb,Laredo Vidaurri
1067,2020-04-01,0.1,27.517456,-99.515222,Carbon monoxide,Webb,Laredo Vidaurri
